student_id,total_submissions,avg_testcase_passed,max_testcase_passed,min_testcase_passed,scored_submissions,late_submissions
0,147,5504.149659863946,10000,0,46,0
1,259,5488.552123552124,10000,0,78,0
2,195,5973.753846153846,10000,0,67,0
3,100,5952.76,10000,0,47,0
4,107,6474.448598130841,10000,0,66,3
5,199,5240.025125628141,10000,0,90,0
6,179,4673.3575418994415,10000,0,60,1
7,364,4876.054945054945,10000,0,77,0
8,218,6333.536697247707,10000,0,91,0
9,271,5182.265682656826,10000,0,74,0
10,175,6714.891428571428,10000,0,75,0
11,3,5619.0,10000,0,2,0
12,206,5748.398058252427,10000,0,51,0
13,260,5460.038461538462,10000,0,90,0
14,272,5892.172794117647,10000,0,49,0
15,177,6998.463276836158,10000,0,71,0
16,465,4195.25376344086,10000,0,105,0
17,145,7260.641379310345,10000,0,59,0
18,76,1907.8947368421047,10000,0,17,0
19,294,5634.343537414966,10000,0,84,0
20,144,5035.763888888889,10000,0,50,0
21,12,4153.166666666667,10000,0,3,0
22,170,4438.235294117647,10000,0,53,0
23,35,6285.714285714285,10000,0,21,0
24,214,5104.415887850468,10000,0,71,0
25,405,5427.372839506173,10000,0,107,0
26,244,5468.86475409836,10000,0,109,0
27,199,6581.517587939698,10000,0,82,0
28,158,4173.405063291139,10000,0,47,14
29,696,4443.607758620689,10000,0,115,0
30,343,5878.583090379008,10000,0,108,0
31,120,5089.925,10000,0,44,0
32,158,4501.177215189873,10000,0,45,0
33,418,5342.047846889952,10000,0,107,0
34,41,5206.365853658536,10000,0,21,0
35,235,4316.293617021277,10000,0,73,18
36,167,4780.221556886228,10000,0,64,0
37,351,3144.096866096866,10000,0,58,0
38,171,6892.9064327485385,10000,0,113,0
39,236,6551.978813559322,10000,0,86,0
40,8,6778.75,10000,0,5,0
41,246,4425.292682926829,10000,0,64,0
42,195,6179.446153846154,10000,0,80,0
43,189,5119.084656084656,10000,0,57,0
44,280,4132.303571428572,10000,0,66,0
45,206,6390.004854368932,10000,0,92,0
46,327,4285.146788990825,10000,0,79,0
47,276,5594.666666666667,10000,0,91,0
48,158,3490.949367088608,10000,0,55,0
49,367,4382.089918256131,10000,0,99,0
50,178,5188.191011235955,10000,0,70,0
51,173,5540.190751445087,10000,0,57,0
52,39,5384.615384615385,10000,0,20,0
53,175,6600.96,10000,0,84,0
54,25,8200.0,10000,0,18,0
55,307,4843.456026058632,10000,0,45,0
56,54,4959.722222222223,10000,0,20,0
57,342,4967.830409356725,10000,0,104,0
58,215,3409.0976744186046,10000,0,54,0
59,51,5784.313725490196,10000,0,25,0
60,67,5473.2835820895525,10000,0,28,0
61,216,6307.388888888889,10000,0,74,0
62,29,8616.689655172413,10000,0,20,0
63,560,2561.176785714286,10000,0,104,0
64,128,2555.3984375,10000,0,22,0
65,76,3197.368421052632,10000,0,19,0
66,233,5507.733905579399,10000,0,63,36
67,18,5888.277777777777,10000,0,9,5
68,192,4065.3697916666665,10000,0,50,0
69,179,4669.36312849162,10000,0,51,0
70,244,4559.2827868852455,10000,0,71,22
71,200,5469.19,10000,0,101,0
72,126,5126.753968253968,10000,0,43,0
73,144,5757.472222222223,10000,0,82,0
74,327,4992.623853211009,10000,0,104,0
75,5,0.0,0,0,5,0
76,3,2600.333333333333,4230,0,2,0
77,25,3845.68,10000,0,5,0
78,220,4550.186363636363,10000,0,54,0
79,157,6130.828025477707,10000,0,61,0
80,199,6355.753768844221,10000,0,82,0
81,145,5809.393103448276,10000,0,61,0
82,439,4412.510250569476,10000,0,69,2
83,48,5604.166666666667,10000,0,26,0
84,212,6358.075471698113,10000,0,100,0
85,157,7187.617834394904,10000,0,78,0
86,80,2923.35,10000,0,17,0
87,10,3754.5,10000,1153,3,0
88,238,5825.605042016807,10000,0,87,0
89,368,5210.45652173913,10000,0,109,0
90,117,1771.3162393162393,10000,0,23,0
91,86,4048.883720930232,10000,0,21,0
92,174,5716.718390804598,10000,0,59,0
93,311,4271.916398713826,10000,0,97,0
94,2,5000.0,10000,0,1,0
95,5,5429.4,10000,833,4,0
96,62,2903.2258064516127,10000,0,17,0
97,314,5345.977707006369,10000,0,113,0
98,229,4869.248908296943,10000,0,83,24
99,136,4522.095588235294,10000,0,35,0
100,52,6942.307692307692,10000,0,34,0
101,243,6258.818930041152,10000,0,70,0
102,122,4113.836065573771,10000,0,43,0
103,87,3544.057471264368,10000,0,29,0
104,131,6224.595419847328,10000,0,61,0
105,364,5305.1510989010985,10000,0,104,0
106,163,5293.950920245399,10000,0,50,0
107,185,4431.6,10000,0,53,0
108,2,0.0,0,0,1,0
109,291,4519.560137457044,10000,0,91,0
110,62,6762.080645161291,10000,0,36,7
111,248,5327.616935483871,10000,0,46,0
112,243,5654.078189300411,10000,0,93,0
113,65,3973.8,10000,0,23,0
114,385,4841.571428571428,10000,0,111,0
115,163,5728.306748466258,10000,0,74,0
116,147,5051.496598639455,10000,0,66,0
117,552,4775.728260869565,10000,0,111,0
118,83,2216.867469879518,10000,0,19,0
119,285,5777.298245614035,10000,0,125,0
120,155,6460.877419354839,10000,0,64,0
121,373,4423.214477211796,10000,0,80,0
122,425,5176.411764705882,10000,0,111,0
123,118,6330.508474576272,10000,0,68,0
124,104,6705.096153846154,10000,0,59,0
125,198,5373.515151515152,10000,0,64,0
126,301,6417.840531561462,10000,0,80,0
127,19,5789.473684210527,10000,0,12,0
128,174,3897.862068965517,10000,0,41,0
129,151,7984.986754966887,10000,0,98,0
130,210,2670.1714285714284,10000,0,34,0
131,260,5863.392307692307,10000,0,78,0
132,339,3648.525073746313,10000,0,93,0
133,300,5231.486666666667,10000,0,83,0
134,153,6326.673202614379,10000,0,59,0
135,178,5217.421348314607,10000,0,47,0
136,128,5613.28125,10000,0,66,0
137,234,6755.508547008547,10000,0,115,0
138,222,4872.036036036036,10000,0,96,0
139,473,3285.4862579281184,10000,0,118,0
140,314,4040.853503184713,10000,0,75,0
141,51,1764.7058823529412,10000,0,12,0
142,217,6618.73732718894,10000,0,101,0
143,256,5305.75,10000,0,104,3
144,285,6136.428070175439,10000,0,108,0
145,107,6800.345794392523,10000,0,47,0
146,154,3791.019480519481,10000,0,55,0
147,302,5472.423841059603,10000,0,105,0
148,11,5775.727272727273,10000,0,9,0
149,12,1999.75,5777,0,1,0
150,140,5629.9,10000,0,46,11
151,55,6676.636363636364,10000,0,24,0
152,338,5811.852071005917,10000,0,110,0
153,522,4519.787356321839,10000,0,91,0
154,170,7297.094117647059,10000,0,110,0
155,225,4546.622222222222,10000,0,72,0
156,46,5652.173913043478,10000,0,24,0
157,233,6104.545064377682,10000,0,91,0
158,282,3275.851063829787,10000,0,87,0
159,599,5480.417362270451,10000,0,137,0
160,7,656.8571428571429,1428,250,4,0
161,749,2747.838451268358,10000,0,127,0
162,97,7224.484536082474,10000,0,48,3
163,311,6013.588424437299,10000,0,119,0
164,60,6966.666666666667,10000,0,41,0
165,151,3756.947019867549,10000,0,37,0
166,44,7975.977272727273,10000,0,28,0
167,52,2933.423076923077,10000,0,21,0
168,124,6511.895161290323,10000,0,62,1
169,336,4652.488095238095,10000,0,97,0
170,156,5756.089743589743,10000,0,63,53
171,26,5778.115384615385,10000,0,15,0
172,115,4895.565217391304,10000,0,44,0
173,322,4403.086956521739,10000,0,112,0
174,22,5391.727272727273,10000,0,7,0
175,192,2756.21875,10000,0,50,0
176,177,5636.016949152542,10000,0,67,0
177,290,5213.927586206896,10000,0,104,0
178,149,5926.939597315436,10000,0,44,0
179,94,2659.574468085106,10000,0,20,0
180,309,4792.391585760518,10000,0,94,0
181,9,285.55555555555554,857,0,2,0
182,262,6319.423664122138,10000,0,104,0
183,34,4722.382352941177,10000,0,11,0
184,46,6903.608695652174,10000,0,24,0
185,218,5554.963302752293,10000,0,61,95
186,105,6355.114285714286,10000,0,58,0
187,230,6474.769565217392,10000,0,107,0
188,170,4848.4,10000,0,61,0
189,169,4866.189349112426,10000,0,63,0
190,194,5715.89175257732,10000,0,84,0
191,120,6594.683333333333,10000,0,54,0
192,252,4461.658730158731,10000,0,85,0
193,414,5319.809178743962,10000,0,120,0
194,188,5180.601063829788,10000,0,54,0
195,160,5136.64375,10000,0,51,0
196,278,6299.025179856115,10000,0,117,0
197,462,6235.632034632034,10000,0,111,0
198,322,3568.478260869565,10000,0,65,0
199,3,10000.0,10000,10000,3,0
200,277,5978.819494584837,10000,0,107,0
201,163,3812.085889570552,10000,0,41,0
202,8,3998.625,10000,0,4,0
203,358,4043.31843575419,10000,0,102,0
204,157,3765.3503184713377,10000,0,40,0
205,318,5817.990566037736,10000,0,110,0
206,308,4284.525974025974,10000,0,100,0
207,142,4229.683098591549,10000,0,46,0
208,219,5082.470319634704,10000,0,73,0
209,96,6415.4375,10000,0,52,0
210,362,5577.14364640884,10000,0,107,0
211,129,5928.100775193799,10000,0,42,0
212,369,4929.216802168022,10000,0,93,0
213,142,6362.978873239436,10000,0,60,0
214,307,6455.664495114007,10000,0,117,0
215,224,5478.598214285715,10000,0,90,0
216,228,5908.293859649123,10000,0,98,0
217,25,4591.72,10000,0,6,0
218,216,6009.726851851852,10000,0,63,0
219,308,4499.681818181818,10000,0,111,0
220,20,6831.25,10000,0,10,0
221,6,3806.6666666666665,10000,0,4,0
222,36,3118.027777777778,10000,0,9,0
223,250,4984.584,10000,0,94,0
224,59,7994.322033898305,10000,0,34,0
225,96,7119.208333333333,10000,0,62,0
226,115,5444.278260869565,10000,0,65,0
227,281,5798.786476868328,10000,0,75,0
228,46,5436.434782608696,10000,0,24,0
229,96,6185.145833333333,10000,0,46,0
230,179,4257.413407821229,10000,0,46,0
231,273,3724.304029304029,10000,0,54,0
232,451,4649.611973392462,10000,0,111,0
233,88,4453.522727272727,10000,0,17,0
234,176,5732.534090909091,10000,0,92,0
235,6,2111.333333333333,10000,0,2,0
236,143,6621.55944055944,10000,0,71,0
237,309,6027.883495145631,10000,0,105,0
238,123,4871.90243902439,10000,0,53,0
239,463,4068.669546436285,10000,0,92,0
240,236,5304.6949152542375,10000,0,47,0
241,208,4499.163461538462,10000,0,45,0
242,112,5712.366071428572,10000,0,52,0
243,80,3250.0,10000,0,22,0
244,235,3342.493617021277,10000,0,86,0
245,150,7673.32,10000,0,107,0
246,142,5724.408450704225,10000,0,59,0
247,243,6311.6954732510285,10000,0,75,0
248,348,3285.3764367816093,10000,0,93,0
249,157,5953.286624203822,10000,0,88,0
250,142,5157.24647887324,10000,0,61,0
251,108,7267.638888888889,10000,0,77,0
252,11,6211.454545454545,10000,0,5,0
253,187,6232.07486631016,10000,0,82,0
254,243,3668.786008230453,10000,0,71,0
255,244,5637.995901639344,10000,0,95,0
256,260,5403.923076923077,10000,0,92,0
257,314,5948.617834394904,10000,0,114,0
258,291,6057.848797250859,10000,0,103,0
259,242,3008.5,10000,0,46,0
260,365,5447.52602739726,10000,0,111,0
261,431,3744.8677494199537,10000,0,71,0
262,185,5660.151351351351,10000,0,70,0
263,151,6800.933774834437,10000,0,59,0
264,99,4737.515151515152,10000,0,45,0
265,335,5025.6,10000,0,100,0
266,496,5203.566532258064,10000,0,145,19
267,360,5202.511111111111,10000,0,113,0
268,315,5519.526984126984,10000,0,104,0
269,33,3757.5757575757575,10000,0,12,0
270,489,4677.613496932516,10000,0,133,0
271,256,6210.89453125,10000,0,107,0
272,210,2435.1619047619047,10000,0,44,0
273,258,4906.720930232558,10000,0,103,0
274,1022,4413.339530332681,10000,0,111,0
275,8,1406.25,10000,0,2,0
276,264,4658.602272727273,10000,0,67,0
277,204,6380.931372549019,10000,0,91,0
278,294,4738.87074829932,10000,0,111,0
279,19,4526.315789473684,10000,0,10,0
280,705,3911.9702127659575,10000,0,123,0
281,228,4578.337719298245,10000,0,65,92
282,22,909.0909090909092,10000,0,8,0
283,317,5133.514195583596,10000,0,108,0
284,120,550.0,10000,0,65,0
285,149,5184.96644295302,10000,0,63,7
286,222,6156.4324324324325,10000,0,75,0
287,151,5214.87417218543,10000,0,60,0
288,77,5416.38961038961,10000,0,22,0
289,309,4752.647249190939,10000,0,96,0
290,4,4356.0,10000,1212,3,0
291,325,6181.975384615384,10000,0,114,0
292,112,6600.133928571428,10000,0,46,0
293,573,3937.7260034904016,10000,0,96,41
294,61,5595.573770491803,10000,0,31,0
295,247,5648.631578947368,10000,0,98,0
296,409,5181.1540342298285,10000,0,106,0
297,9,1349.0,9285,0,1,0
298,104,4867.038461538462,10000,0,32,0
299,141,7393.248226950354,10000,0,76,59
300,221,6351.113122171946,10000,0,82,0
301,102,5980.35294117647,10000,0,43,0
302,152,6226.565789473684,10000,0,62,0
303,330,3951.3,10000,0,107,0
304,144,6277.777777777777,10000,0,86,0
305,237,4374.7468354430375,10000,0,63,0
306,271,6114.044280442805,10000,0,105,0
307,361,3969.836565096953,10000,0,85,0
308,259,5069.640926640926,10000,0,101,0
309,95,7387.115789473684,10000,0,50,0
310,745,3870.371812080537,10000,0,108,0
311,232,6293.366379310345,10000,0,105,0
312,241,5668.149377593361,10000,0,74,0
313,199,6282.035175879397,10000,0,62,0
314,276,6312.673913043478,10000,0,75,0
315,482,3872.863070539419,10000,0,124,0
316,194,6540.783505154639,10000,0,102,0
317,194,5784.087628865979,10000,0,72,23
318,194,6203.4639175257735,10000,0,100,0
319,149,6047.731543624161,10000,0,69,0
320,170,5547.84705882353,10000,0,66,8
321,327,5881.877675840979,10000,0,55,0
322,307,3902.749185667753,10000,0,64,0
323,368,4220.057065217391,10000,0,77,34
324,48,3878.2708333333335,10000,0,19,0
325,328,4765.161585365854,10000,0,108,8
326,231,5229.705627705628,10000,0,63,0
327,326,5734.647239263803,10000,0,118,0
328,196,6298.816326530612,10000,0,84,0
329,279,4441.365591397849,10000,0,43,0
330,153,5079.24183006536,10000,0,53,0
331,86,6984.476744186047,10000,0,37,0
332,186,3957.720430107527,10000,0,50,0
333,30,3666.6666666666665,10000,0,13,0
334,63,5480.301587301588,10000,0,29,0
335,279,5257.52329749104,10000,0,85,0
336,434,5036.995391705069,10000,0,105,0
337,161,5850.751552795031,10000,0,74,0
338,95,7486.515789473684,10000,0,51,0
339,205,5575.892682926829,10000,0,72,14
340,111,6333.486486486487,10000,0,46,0
341,348,5996.244252873563,10000,0,132,0
342,231,5913.56277056277,10000,0,74,0
343,589,3939.9286926994905,10000,0,99,0
344,608,2701.0789473684213,10000,0,63,0
345,239,5660.443514644351,10000,0,95,0
346,274,3752.0401459854015,10000,0,59,0
347,285,4315.021052631579,10000,0,77,0
348,12,5833.333333333333,10000,0,7,0
349,170,4868.558823529412,10000,0,76,8
350,48,7625.0,10000,0,34,0
351,202,6570.014851485149,10000,0,89,0
352,7,0.0,0,0,1,0
353,340,5209.979411764706,10000,0,80,0
354,222,5166.387387387387,10000,0,87,0
355,262,4987.339694656489,10000,0,97,0
356,81,5098.950617283951,10000,0,29,0
357,6,2280.333333333333,10000,0,2,0
358,438,3762.874429223744,10000,0,77,0
359,692,4025.241329479769,10000,0,100,0
360,70,6419.171428571429,10000,0,34,0
361,150,6404.066666666667,10000,0,47,0
362,328,4392.399390243902,10000,0,83,0
363,110,6827.881818181818,10000,0,54,0
364,272,2797.0661764705883,10000,0,54,0
365,135,2185.185185185185,10000,0,21,0
366,388,5235.087628865979,10000,0,117,0
367,237,4013.278481012658,10000,0,61,0
368,137,6986.255474452555,10000,0,76,0
369,154,5158.597402597403,10000,0,67,5
370,135,3856.785185185185,10000,0,53,0
371,4,0.0,0,0,1,0
372,269,5573.185873605948,10000,0,93,0
373,75,6856.586666666667,10000,0,46,0
374,243,6581.205761316873,10000,0,76,30
375,174,6619.005747126437,10000,0,104,0
376,341,5688.6568914956015,10000,0,97,0
377,99,4470.181818181818,10000,0,46,0
378,136,5778.529411764706,10000,0,63,0
379,302,5811.576158940397,10000,0,104,0
380,261,4370.386973180077,10000,0,76,0
381,232,5685.198275862069,10000,0,99,0
382,183,4600.825136612022,10000,0,80,0
383,104,6635.548076923077,10000,0,62,0
384,201,6291.26368159204,10000,0,94,0
385,436,2936.9380733944954,10000,0,78,0
386,199,6668.834170854271,10000,0,65,24
387,302,5238.824503311258,10000,0,103,0
388,249,6826.497991967872,10000,0,119,0
389,106,3339.622641509434,10000,0,35,0
390,13,4685.384615384615,10000,0,1,0
391,41,5839.682926829269,10000,0,29,0
392,154,5277.577922077922,10000,0,68,0
393,319,3123.169278996865,10000,0,66,21
394,43,4800.604651162791,10000,0,16,0
395,294,4702.71768707483,10000,0,95,0
396,210,5272.366666666667,10000,0,63,0
397,122,4536.278688524591,10000,0,38,0
398,450,5185.955555555555,10000,0,102,0
399,198,5650.232323232323,10000,0,71,0
400,407,3812.1253071253072,10000,0,73,127
401,266,4599.875939849624,10000,0,59,0
402,263,4586.102661596959,10000,0,87,0
403,348,5541.91091954023,10000,0,116,0
404,186,5199.182795698925,10000,0,64,0
405,261,5779.333333333333,10000,0,111,0
406,12,6333.333333333333,10000,0,7,0
407,53,6283.018867924528,10000,0,26,0
408,97,5628.835051546392,10000,0,48,13
409,104,4696.951923076923,10000,0,48,0
410,37,4378.378378378378,10000,0,18,0
411,183,6146.360655737705,10000,0,70,0
412,101,3679.930693069307,10000,0,34,0
413,57,1403.508771929825,10000,0,20,0
414,278,4712.413669064748,10000,0,98,0
415,93,7525.172043010752,10000,0,59,0
416,136,6636.132352941177,10000,0,71,13
417,738,3604.070460704607,10000,0,114,0
418,109,4676.51376146789,10000,0,52,0
419,1,0.0,0,0,1,0
420,296,5939.827702702703,10000,0,112,0
421,125,5877.864,10000,0,44,0
422,241,5622.398340248963,10000,0,104,0
423,119,5888.731092436975,10000,0,58,0
424,139,5197.589928057554,10000,0,45,0
425,138,5686.855072463768,10000,0,45,0
426,114,5283.649122807017,10000,0,38,0
427,226,6430.331858407079,10000,0,98,0
428,400,5093.01,10000,0,133,0
429,318,5051.327044025157,10000,0,102,0
430,203,4356.07881773399,10000,0,84,0
431,164,7811.048780487805,10000,0,109,1
432,140,3728.7,10000,0,41,0
433,225,4506.857777777778,10000,0,75,0
434,1,10000.0,10000,10000,1,0
435,93,5854.537634408603,10000,0,41,0
436,161,2112.55900621118,10000,0,34,0
437,331,4501.7643504531725,10000,0,110,0
438,2,10000.0,10000,10000,2,0
439,111,6652.054054054054,10000,0,62,0
440,231,6787.658008658009,10000,0,106,0
441,108,4929.888888888889,10000,0,46,0
442,165,5770.218181818182,10000,0,64,0
443,233,5594.416309012876,10000,0,83,0
444,204,5523.799019607844,10000,0,71,0
445,127,4951.834645669292,10000,0,53,0
446,78,4396.0,10000,0,38,0
447,23,5500.0,10000,0,13,0
448,193,4614.077720207254,10000,0,73,0
449,88,6931.75,10000,0,42,0
450,148,7057.358108108108,10000,0,61,0
451,117,6912.820512820513,10000,0,47,0
452,242,5914.512396694215,10000,0,105,0
453,196,2331.4591836734694,10000,0,29,0
454,143,6921.293706293706,10000,0,61,0
455,2,0.0,0,0,2,0
456,268,5798.962686567164,10000,0,75,19
457,43,4860.860465116279,10000,0,24,0
458,204,6048.642156862745,10000,0,45,0
459,283,5331.805653710248,10000,0,64,0
460,347,5584.291066282421,10000,0,113,0
461,44,4772.727272727273,10000,0,22,0
462,178,5213.460674157303,10000,0,72,0
463,129,3884.046511627907,10000,0,39,0
464,160,5642.425,10000,0,62,0
465,122,5106.44262295082,10000,0,67,0
466,167,5186.74251497006,10000,0,44,0
467,451,5412.115299334811,10000,0,118,0
468,74,7534.513513513513,10000,0,44,0
469,322,4759.310559006211,10000,0,92,0
470,229,5752.3100436681225,10000,0,97,0
471,329,4639.960486322188,10000,0,106,0
472,243,5241.139917695473,10000,0,74,0
473,406,4595.926108374384,10000,0,100,0
474,324,4014.777777777778,10000,0,75,0
475,225,5508.595555555556,10000,0,105,0
476,141,7293.248226950354,10000,0,92,0
477,98,5748.275510204082,10000,0,51,0
478,282,5350.290780141844,10000,0,72,0
479,100,6032.0,10000,0,41,0
480,223,6235.340807174888,10000,0,70,0
481,23,3695.652173913044,10000,0,13,0
482,280,5845.5142857142855,10000,0,114,0
483,185,5319.713513513513,10000,0,62,0
484,363,4839.333333333333,10000,0,104,0
485,1,10000.0,10000,10000,1,0
486,133,6749.390977443609,10000,0,56,0
487,250,5846.232,10000,0,85,0
488,141,5598.929078014185,10000,0,54,0
489,31,5967.741935483871,10000,0,17,0
490,48,4583.333333333333,10000,0,21,0
491,256,2867.1875,10000,0,58,0
492,94,5483.404255319149,10000,0,33,0
493,223,6926.309417040358,10000,0,114,0
494,116,5099.724137931034,10000,0,45,0
495,150,8484.0,10000,0,107,0
496,397,5078.811083123425,10000,0,131,0
497,42,3809.5238095238096,10000,0,16,0
498,138,8058.623188405797,10000,0,101,0
499,283,5857.501766784452,10000,0,120,0
500,216,5427.305555555556,10000,0,106,0
501,102,5425.4607843137255,10000,0,43,0
502,146,6830.431506849315,10000,0,60,0
503,194,4868.865979381443,10000,0,65,0
504,319,5299.949843260188,10000,0,92,0
505,316,6290.477848101265,10000,0,106,0
506,73,3387.2602739726026,10000,0,18,0
507,324,4777.611111111111,10000,0,114,0
508,176,5015.210227272727,10000,0,77,0
509,27,6296.2962962962965,10000,0,17,0
510,28,8142.857142857143,10000,0,22,0
511,189,4143.10582010582,10000,0,50,0
512,38,5882.131578947368,10000,0,23,0
513,13,8461.538461538461,10000,0,10,0
514,137,6046.525547445255,10000,0,59,0
515,144,7050.590277777777,10000,0,81,0
516,167,6012.700598802395,10000,0,54,0
517,3,0.0,0,0,2,0
518,89,7272.314606741573,10000,0,58,11
519,58,7161.051724137931,10000,0,28,0
520,645,3541.592248062016,10000,0,125,0
521,77,7963.311688311688,10000,0,63,0
522,115,5800.730434782608,10000,0,59,0
523,198,5448.974747474747,10000,0,69,0
524,89,3902.8988764044943,10000,0,30,0
525,253,3908.968379446641,10000,0,61,0
526,128,7187.703125,10000,0,61,0
527,357,4509.187675070028,10000,0,90,0
528,241,5112.253112033195,10000,0,58,0
529,232,3579.7543103448274,10000,0,43,0
530,307,5198.986970684039,10000,0,91,0
531,119,4571.235294117647,10000,0,31,0
532,304,6506.5921052631575,10000,0,118,0
533,123,5267.121951219512,10000,0,59,5
534,258,5047.635658914729,10000,0,91,0
535,833,2771.621848739496,10000,0,109,0
536,68,4333.308823529412,10000,0,22,0
537,15,0.0,0,0,4,0
538,262,5974.874045801526,10000,0,97,0
539,153,5927.339869281046,10000,0,59,0
540,62,7186.370967741936,10000,0,45,0
541,75,4169.253333333333,10000,0,6,0
542,131,6376.038167938931,10000,0,65,0
543,384,3864.1770833333335,10000,0,68,0
544,246,3149.9430894308944,10000,0,62,0
545,281,4739.434163701068,10000,0,97,0
546,297,4539.262626262626,10000,0,85,0
547,396,5656.962121212121,10000,0,119,0
548,240,5797.841666666666,10000,0,99,0
549,148,3474.439189189189,10000,0,32,0
550,146,5566.8493150684935,10000,0,73,0
551,259,5473.258687258687,10000,0,109,0
552,165,5679.684848484849,10000,0,69,0
553,188,3801.845744680851,10000,0,64,0
554,253,6110.0,10000,0,105,0
555,125,4581.352,10000,0,45,0
556,215,5142.288372093023,10000,0,79,0
557,73,6675.7945205479455,10000,0,28,0
558,404,4770.158415841584,10000,0,105,0
559,283,6778.342756183745,10000,0,102,0
560,2,5500.0,10000,1000,2,0
561,190,6104.373684210526,10000,0,52,0
562,423,4109.033096926714,10000,0,113,0
563,85,6167.2235294117645,10000,0,39,0
564,345,6036.005797101449,10000,0,121,0
565,247,6292.068825910931,10000,0,74,0
566,124,5806.451612903225,10000,0,73,0
567,183,4120.256830601093,10000,0,41,0
568,275,6387.218181818182,10000,0,112,0
569,250,5899.524,10000,0,105,0
570,252,5886.253968253968,10000,0,113,0
571,104,3158.1153846153848,10000,0,36,0
572,206,5379.859223300971,10000,0,74,0
573,181,6071.917127071823,10000,0,68,0
574,226,4498.256637168141,10000,0,65,0
575,355,3502.5859154929576,10000,0,59,0
576,498,4566.176706827309,10000,0,124,1
577,513,5645.469785575049,10000,0,124,0
578,296,4709.925675675676,10000,0,72,0
579,64,6847.15625,10000,0,39,0
580,190,3886.384210526316,10000,0,71,0
581,141,6081.028368794327,10000,0,55,0
582,269,4541.802973977695,10000,0,87,50
583,334,3278.688622754491,10000,0,64,0
584,258,3379.1821705426355,10000,0,79,0
585,154,4345.168831168831,10000,0,41,0
586,108,6726.935185185185,10000,0,53,0
587,308,4547.055194805195,10000,0,99,0
588,428,5385.070093457944,10000,0,107,0
589,493,4661.874239350913,10000,0,101,0
590,216,3345.634259259259,10000,0,47,0
591,172,6116.53488372093,10000,0,84,0
592,128,6121.6875,10000,0,50,0
593,212,4713.919811320755,10000,0,59,0
594,407,3627.7395577395578,10000,0,110,0
595,119,5548.798319327731,10000,0,40,0
596,124,7640.193548387097,10000,0,50,0
597,299,5332.8561872909695,10000,0,104,0
598,134,3380.208955223881,10000,0,49,0
599,310,4957.370967741936,10000,0,84,0
600,128,6400.5390625,10000,0,59,0
601,72,3115.333333333333,10000,0,24,0
602,1,6857.0,6857,6857,1,0
603,275,5803.68,10000,0,98,0
604,457,4423.969365426696,10000,0,102,0
605,51,7647.058823529412,10000,0,40,0
606,280,5974.578571428571,10000,0,76,0
607,201,6712.049751243781,10000,0,98,0
608,191,6141.623036649215,10000,0,101,0
609,68,4735.529411764706,10000,0,30,0
610,201,3389.9402985074626,10000,0,46,0
611,177,4894.5197740113,10000,0,71,0
612,559,3089.2862254025044,10000,0,62,0
613,228,4268.074561403509,10000,0,59,0
614,35,3142.8571428571427,10000,0,11,0
615,378,5550.743386243386,10000,0,122,0
616,8,0.0,0,0,5,0
617,206,6009.218446601942,10000,0,89,0
618,202,5990.80198019802,10000,0,54,0
619,196,6349.775510204082,10000,0,87,0
620,117,5751.786324786325,10000,0,50,0
621,97,6566.360824742268,10000,0,42,0
622,153,7067.307189542484,10000,0,63,0
623,7,5840.857142857143,8666,1000,2,0
624,65,5407.384615384615,10000,0,29,0
625,8,0.0,0,0,2,0
626,141,6898.695035460993,10000,0,63,0
627,3,3826.6666666666665,4074,3703,1,0
628,78,923.0769230769232,10000,0,10,0
629,455,5525.178021978022,10000,0,118,0
630,148,3721.986486486487,10000,0,28,0
631,586,5632.78156996587,10000,0,110,0
632,203,5197.84236453202,10000,0,64,0
633,90,7330.555555555556,10000,0,40,0
634,155,6068.232258064516,10000,0,75,0
635,407,4030.348894348894,10000,0,89,0
636,437,5756.716247139588,10000,0,89,0
637,125,5761.984,10000,0,47,4
638,166,5858.457831325301,10000,0,59,0
639,121,5091.809917355372,10000,0,48,67
640,175,5846.245714285715,10000,0,60,15
641,233,6098.214592274678,10000,0,104,0
642,229,6195.161572052401,10000,0,104,0
643,149,6700.543624161074,10000,0,82,0
644,341,2029.633431085044,10000,0,59,0
645,109,6426.3302752293575,10000,0,54,0
646,228,6337.109649122807,10000,0,78,0
647,112,4855.026785714285,10000,0,48,0
648,343,4578.8221574344025,10000,0,110,0
649,493,2448.6632860040568,10000,0,59,0
650,201,5261.55223880597,10000,0,66,0
651,291,5046.831615120275,10000,0,90,0
652,172,6323.459302325581,10000,0,95,0
653,149,5228.463087248322,10000,0,46,0
654,104,5735.875,10000,0,45,0
655,129,6251.635658914729,10000,0,61,0
656,281,5232.3345195729535,10000,0,96,0
657,302,5890.327814569537,10000,0,104,0
658,468,4887.497863247863,10000,0,103,0
659,156,5818.314102564103,10000,0,65,0
660,156,5100.948717948718,10000,0,38,0
661,12,5824.0,10000,0,2,0
662,333,5771.171171171171,10000,0,115,0
663,210,6604.204761904762,10000,0,85,0
664,229,5005.934497816594,10000,0,51,16
665,262,5306.931297709924,10000,0,78,0
666,119,4052.109243697479,10000,0,41,0
667,98,8012.612244897959,10000,0,60,0
668,132,8105.931818181818,10000,0,88,0
669,457,3883.522975929978,10000,0,105,0
670,97,4634.752577319588,10000,0,41,0
671,141,5524.95744680851,10000,0,69,0
672,329,4901.480243161094,10000,0,124,2
673,148,5242.256756756757,10000,0,51,0
674,45,5344.155555555555,10000,0,25,0
675,47,1702.127659574468,10000,0,10,0
676,2,5625.0,10000,1250,2,0
677,694,4848.322766570605,10000,0,116,0
678,156,3254.871794871795,10000,0,42,0
679,244,5593.55737704918,10000,0,98,0
680,291,5136.068728522337,10000,0,89,0
681,146,4736.458904109589,10000,0,51,0
682,345,4200.324637681159,10000,0,71,0
683,1,10000.0,10000,10000,1,0
684,152,5247.1578947368425,10000,0,50,0
685,52,5384.615384615385,10000,0,24,0
686,69,939.608695652174,10000,0,38,0
687,105,6590.476190476191,10000,0,58,0
688,209,5406.660287081339,10000,0,101,0
689,307,4777.596091205211,10000,0,77,0
690,80,5005.55,10000,0,35,0
691,129,5884.705426356589,10000,0,63,0
692,587,4296.103918228279,10000,0,114,0
693,255,5569.203921568627,10000,0,89,0
694,145,5532.062068965517,10000,0,55,0
695,255,6028.725490196079,10000,0,76,0
696,324,5291.006172839506,10000,0,73,0
697,112,2849.0,10000,0,20,0
698,40,3790.375,10000,0,13,0
699,28,8607.142857142857,10000,0,23,0
700,244,6048.213114754099,10000,0,109,0
701,9,9000.0,10000,5000,6,0
702,207,5917.927536231884,10000,0,66,0
703,228,5401.399122807017,10000,0,104,0
704,6,3333.333333333333,10000,0,2,0
705,285,5025.726315789474,10000,0,64,0
706,373,6017.485254691689,10000,0,125,0
707,18,3000.0,10000,0,3,0
708,209,7413.210526315789,10000,0,110,0
709,150,5527.046666666667,10000,0,50,0
710,181,6427.707182320442,10000,0,66,0
711,3,0.0,0,0,1,0
712,337,5263.385756676558,10000,0,78,0
713,74,4975.283783783784,10000,0,29,0
714,460,5807.730434782608,10000,0,122,0
715,191,5347.062827225131,10000,0,62,0
716,176,4928.346590909091,10000,0,49,0
717,1,0.0,0,0,1,0
718,204,6290.946078431372,10000,0,76,0
719,531,4284.843691148776,10000,0,104,0
720,200,6394.96,10000,0,100,0
721,345,5340.878260869566,10000,0,79,39
722,162,6341.308641975309,10000,0,70,0
723,225,4400.457777777778,10000,0,59,0
724,416,5037.1682692307695,10000,0,98,0
725,432,4288.488425925926,10000,0,75,0
726,298,4776.073825503356,10000,0,97,0
727,249,5050.068273092369,10000,0,81,0
728,286,5956.20979020979,10000,0,97,0
729,137,2767.2262773722628,10000,0,30,0
730,4,3481.5,10000,0,2,0
731,414,5062.15458937198,10000,0,92,0
732,170,5672.794117647059,10000,0,70,0
733,39,5185.846153846154,10000,0,15,0
734,3,3833.3333333333335,10000,500,2,0
735,184,6939.217391304348,10000,0,101,0
736,169,3290.9526627218934,10000,0,38,0
737,48,4700.395833333333,10000,0,26,0
738,346,5464.112716763006,10000,0,110,0
739,68,6595.279411764706,10000,0,41,0
740,127,3384.818897637795,10000,0,32,0
741,263,3271.927756653992,10000,0,61,0
742,15,0.0,0,0,4,0
743,190,6472.578947368421,10000,0,71,0
744,170,4137.594117647059,10000,0,63,0
745,1,0.0,0,0,1,0
746,56,5028.035714285715,10000,0,23,0
747,161,5772.863354037268,10000,0,60,0
748,43,5279.023255813953,10000,0,27,0
749,206,4247.844660194175,10000,0,44,0
750,113,2888.132743362832,10000,0,56,0
751,154,5430.87012987013,10000,0,69,12
752,339,3706.221238938053,10000,0,59,0
753,181,5870.370165745856,10000,0,83,0
754,3,4210.333333333333,10000,0,2,0
755,100,7234.74,10000,0,51,0
756,224,3601.910714285714,10000,0,40,0
757,220,5718.822727272727,10000,0,81,0
758,11,7272.727272727273,10000,0,6,0
759,408,4471.031862745098,10000,0,89,0
760,215,3996.5116279069766,10000,0,70,28
761,133,6367.541353383459,10000,0,62,0
762,194,4783.371134020618,10000,0,51,0
763,295,3145.610169491525,10000,0,37,0
764,141,6283.539007092199,10000,0,82,0
765,230,6438.565217391304,10000,0,102,0
766,231,5065.203463203463,10000,0,100,0
767,339,3999.749262536873,10000,0,71,0
768,266,6461.007518796992,10000,0,109,0
769,514,4498.215953307393,10000,0,113,0
770,217,4491.023041474655,10000,0,82,0
771,74,3243.243243243244,10000,0,24,0
772,175,5266.845714285714,10000,0,67,0
773,35,5142.857142857143,10000,0,19,0
774,265,5551.030188679245,10000,0,72,0
775,183,6858.196721311476,10000,0,105,2
776,210,4972.395238095238,10000,0,65,0
777,263,6350.71102661597,10000,0,66,0
778,92,4677.20652173913,10000,0,34,0
779,31,6741.935483870968,10000,0,19,15
780,157,6174.611464968153,10000,0,62,0
781,433,5467.96766743649,10000,0,118,0
782,280,5509.028571428571,10000,0,118,0
783,144,6680.736111111111,10000,0,60,0
784,63,7043.650793650793,10000,0,47,0
785,95,3226.315789473684,10000,0,27,0
786,301,3166.923588039867,10000,0,61,0
787,13,6296.692307692308,10000,0,7,0
788,151,4536.403973509934,10000,0,70,0
789,129,3510.015503875969,10000,0,43,0
790,250,5564.424,10000,0,89,0
791,321,4605.844236760125,10000,0,93,0
792,192,6313.442708333333,10000,0,91,0
793,83,4977.012048192771,10000,0,33,0
794,51,3137.2549019607845,10000,0,16,0
795,3,1153.6666666666667,3461,0,1,0
796,111,5171.639639639639,10000,0,44,0
797,357,4785.224089635854,10000,0,104,0
798,155,4247.296774193548,10000,0,53,0
799,557,4278.605026929982,10000,0,115,0
800,54,4444.444444444444,10000,0,24,0
801,182,6789.076923076923,10000,0,110,0
802,160,6261.65625,10000,0,82,0
803,389,4466.7043701799485,10000,0,97,0
804,175,6487.5542857142855,10000,0,72,0
805,422,4827.623222748815,10000,0,110,0
806,166,6554.307228915663,10000,0,80,0
807,525,4800.396190476191,10000,0,130,4
808,129,6999.054263565891,10000,0,65,0
809,129,6224.790697674419,10000,0,45,0
810,194,6213.840206185567,10000,0,52,0
811,206,4446.077669902913,10000,0,50,0
812,369,4299.533875338753,10000,0,95,0
813,93,7303.989247311828,10000,0,51,0
814,37,8677.297297297297,10000,0,23,1
815,119,7512.865546218487,10000,0,83,0
816,275,5996.887272727273,10000,0,97,0
817,149,6017.812080536913,10000,0,52,41
818,149,6923.4899328859065,10000,0,62,0
819,169,6621.502958579882,10000,0,71,0
820,630,4529.490476190476,10000,0,118,0
821,47,6919.829787234043,10000,0,24,0
822,14,2857.1428571428573,10000,0,2,0
823,249,3258.871485943775,10000,0,68,0
824,165,7125.181818181818,10000,0,79,0
825,193,4722.730569948187,10000,0,53,0
826,337,4523.157270029674,10000,0,114,0
827,131,5919.091603053435,10000,0,68,62
828,358,4884.466480446928,10000,0,110,0
829,153,6039.032679738562,10000,0,75,0
830,256,6015.90625,10000,0,119,0
831,168,5121.583333333333,10000,0,58,0
832,104,4936.307692307692,10000,0,41,0
833,166,4759.843373493976,10000,0,52,0
834,181,5586.618784530387,10000,0,64,0
835,81,7375.172839506173,10000,0,53,0
836,39,6893.74358974359,10000,0,16,0
837,102,6515.764705882353,10000,0,20,1
838,190,5399.989473684211,10000,0,85,0
839,1,3461.0,3461,3461,1,0
840,280,5794.317857142857,10000,0,93,0
841,407,3620.5651105651104,10000,0,60,0
842,292,6179.369863013699,10000,0,109,0
843,297,5303.292929292929,10000,0,104,0
844,39,6538.461538461538,10000,0,21,0
845,325,3603.489230769231,10000,0,65,0
846,118,6407.228813559322,10000,0,73,0
847,242,5331.574380165289,10000,0,89,0
848,101,3220.3762376237623,10000,0,26,0
849,22,5545.454545454545,10000,0,11,0
850,258,5156.003875968992,10000,0,76,0
851,288,5819.128472222223,10000,0,98,0
852,116,6937.4051724137935,10000,0,56,0
853,242,2861.214876033058,10000,0,32,0
854,142,5156.260563380281,10000,0,49,0
855,235,4847.561702127659,10000,0,50,0
856,226,5802.769911504425,10000,0,75,28
857,170,6191.082352941176,10000,0,70,0
858,257,4939.210116731518,10000,0,100,0
859,245,6107.114285714286,10000,0,71,0
860,114,7345.5526315789475,10000,0,48,0
861,80,7356.925,10000,0,50,0
862,341,5059.419354838709,10000,0,99,0
863,273,3549.959706959707,10000,0,65,106
864,191,5162.638743455497,10000,0,63,3
865,103,8022.621359223301,10000,0,59,0
866,197,6218.802030456853,10000,0,100,0
867,42,3700.095238095238,10000,0,16,0
868,275,3940.2,10000,0,71,0
869,514,3737.402723735409,10000,0,131,0
870,120,7775.433333333333,10000,0,71,0
871,183,6590.251366120218,10000,0,87,0
872,159,5850.666666666667,10000,0,78,0
873,41,4352.780487804878,10000,0,10,0
874,102,7439.019607843137,10000,0,60,12
875,18,3881.555555555556,10000,0,5,0
876,223,5562.282511210762,10000,0,90,0
877,279,5983.430107526881,10000,0,111,0
878,217,3907.15668202765,10000,0,50,0
879,131,6878.763358778626,10000,0,83,0
880,267,5240.940074906367,10000,0,83,0
881,323,6012.526315789473,10000,0,114,0
882,41,8084.926829268293,10000,0,29,0
883,150,6525.52,10000,0,64,59
884,384,5183.828125,10000,0,126,0
885,133,5035.87969924812,10000,0,57,0
886,143,4629.377622377622,10000,0,59,3
887,185,4869.594594594595,10000,0,55,0
888,250,3458.96,10000,0,79,0
889,296,5550.293918918919,10000,0,105,0
890,190,6503.331578947368,10000,0,89,0
891,508,5786.590551181103,10000,0,153,0
892,86,8036.209302325581,10000,0,64,0
893,249,4826.74297188755,10000,0,85,0
894,330,5576.90303030303,10000,0,106,0
895,282,5970.283687943263,10000,0,106,0
896,2,0.0,0,0,1,0
897,122,6840.139344262295,10000,0,70,0
898,279,3433.716845878136,10000,0,52,0
899,169,3064.763313609468,10000,0,46,0
900,163,6684.239263803681,10000,0,60,0
901,304,5851.088815789473,10000,0,78,31
902,165,5939.151515151515,10000,0,51,0
903,245,4966.632653061224,10000,0,70,0
904,498,5026.325301204819,10000,0,118,0
905,105,1767.190476190476,10000,0,17,0
906,32,5612.9375,10000,0,15,0
907,385,3987.576623376624,10000,0,59,0
908,171,5929.602339181287,10000,0,66,15
909,281,3726.320284697509,10000,0,50,0
910,172,8617.017441860466,10000,0,116,0
911,166,7563.987951807229,10000,0,78,0
912,231,6151.2770562770565,10000,0,114,0
913,7,5734.0,10000,1153,3,0
914,121,6790.024793388429,10000,0,59,0
915,160,6393.65,10000,0,109,0
916,207,4561.048309178744,10000,0,58,0
917,247,4050.757085020243,10000,0,79,0
918,189,7476.730158730159,10000,0,105,0
919,95,6503.736842105263,10000,0,44,0
920,1,10000.0,10000,10000,1,0
921,309,4465.485436893204,10000,0,86,0
922,151,5866.019867549669,10000,0,61,0
923,30,6000.0,10000,0,17,0
924,90,4848.988888888889,10000,0,29,0
925,211,6837.14691943128,10000,0,113,0
926,182,7573.901098901098,10000,0,115,0
927,180,5930.711111111111,10000,0,71,0
928,271,5152.745387453874,10000,0,108,0
929,128,6456.1953125,10000,0,44,17
930,167,5518.497005988024,10000,0,70,19
931,240,4989.133333333333,10000,0,66,0
932,266,4294.481203007519,10000,0,49,0
933,6,7453.166666666667,10000,3684,3,0
934,324,6126.521604938272,10000,0,103,0
935,124,6619.330645161291,10000,0,59,0
936,82,1113.2317073170732,10000,0,14,0
937,287,5139.059233449478,10000,0,82,29
938,194,5815.6082474226805,10000,0,77,0
939,219,6046.62100456621,10000,0,100,0
940,3,10000.0,10000,10000,1,0
941,203,6838.847290640394,10000,0,74,0
942,13,4615.384615384615,10000,0,4,0
943,150,5839.933333333333,10000,0,57,0
944,32,5056.8125,10000,0,17,0
945,259,7013.189189189189,10000,0,104,0
946,18,7333.333333333333,10000,0,13,0
947,71,5997.169014084507,10000,0,34,0
948,245,6322.0,10000,0,110,3
949,33,6363.636363636364,10000,0,18,0
950,287,4865.1184668989545,10000,0,108,0
951,4,1851.5,2222,1111,1,0
952,367,3969.9618528610354,10000,0,70,0
953,36,3372.527777777778,10000,0,12,0
954,118,4393.406779661017,10000,0,50,0
955,164,2896.3414634146343,10000,0,36,0
956,189,6378.148148148148,10000,0,80,0
957,27,2000.0,10000,0,10,0
958,12,3497.5,10000,0,9,0
959,36,5277.777777777777,10000,0,18,0
960,320,6112.41875,10000,0,104,0
961,5,2501.8,6857,0,3,0
962,100,5206.15,10000,0,39,0
963,426,5804.43661971831,10000,0,178,0
964,100,5500.45,10000,0,36,0
965,176,7145.153409090909,10000,0,100,0
966,216,4293.162037037037,10000,0,48,0
967,133,5636.932330827068,10000,0,66,0
968,3,7368.333333333333,10000,2105,2,0
969,1047,3071.882521489971,10000,0,97,0
970,96,4708.802083333333,10000,0,53,0
971,212,7018.726415094339,10000,0,118,0
972,273,3510.875457875458,10000,0,89,0
973,80,7301.675,10000,0,40,19
974,92,4798.608695652174,10000,0,42,0
975,156,4447.1858974358975,10000,0,58,0
976,151,5189.456953642384,10000,0,48,26
977,246,7134.776422764227,10000,0,105,0
978,143,6342.657342657342,10000,0,48,0
979,401,4508.054862842892,10000,0,63,0
980,111,4484.972972972973,10000,0,43,0
981,185,4798.9405405405405,10000,0,49,0
982,288,5547.465277777777,10000,0,103,0
983,146,4478.95205479452,10000,0,42,0
984,130,3964.4461538461537,10000,0,45,0
985,84,4162.119047619048,10000,0,29,0
986,236,5000.080508474576,10000,0,71,0
987,25,3170.8,10000,0,2,0
988,317,4032.599369085173,10000,0,60,0
989,24,6619.958333333333,10000,0,11,0
990,227,4988.132158590309,10000,0,90,0
991,136,5822.080882352941,10000,0,44,0
992,171,4822.4678362573095,10000,0,47,0
993,27,5185.185185185185,10000,0,12,0
994,35,5714.285714285715,10000,0,19,0
995,211,6365.791469194312,10000,0,118,0
996,31,8571.41935483871,10000,0,24,0
997,279,5563.827956989248,10000,0,95,0
998,505,4470.19603960396,10000,0,105,0
999,143,7416.580419580419,10000,0,109,0
1000,168,6619.684523809524,10000,0,65,0
1001,214,7454.116822429906,10000,0,121,0
1002,11,5423.0,10000,0,6,0
1003,61,2868.8524590163934,10000,0,20,0
1004,93,4287.569892473119,10000,0,31,0
1005,157,5546.656050955414,10000,0,76,0
1006,62,4320.5161290322585,10000,0,25,0
1007,290,3880.379310344827,10000,0,64,0
1008,121,5070.727272727273,10000,0,40,0
1009,157,3382.6305732484075,10000,0,37,0
1010,351,4756.31339031339,10000,0,108,0
1011,528,5266.820075757576,10000,0,105,0
1012,355,4372.081690140845,10000,0,102,0
1013,128,5525.921875,10000,0,53,13
1014,87,6421.574712643678,10000,0,44,0
1015,80,5568.05,10000,0,50,0
1016,65,2615.3846153846152,10000,0,20,0
1017,195,6589.9384615384615,10000,0,106,0
1018,224,4116.794642857143,10000,0,52,0
1019,313,4955.182108626198,10000,0,72,0
1020,103,5570.203883495145,10000,0,43,0
1021,113,6517.185840707964,10000,0,51,0
1022,311,6483.784565916399,10000,0,109,0
1023,72,555.5555555555555,10000,0,10,0
1024,259,5003.03861003861,10000,0,88,0
1025,48,4166.666666666667,10000,0,19,0
1026,13,10000.0,10000,10000,12,0
1027,306,5523.218954248366,10000,0,120,0
1028,149,4723.395973154363,10000,0,50,0
1029,217,3774.875576036866,10000,0,63,0
1030,50,4981.3,10000,0,17,0
1031,294,5782.680272108843,10000,0,120,0
1032,261,5304.789272030652,10000,0,104,0
1033,160,4759.44375,10000,0,67,0
1034,5,8846.0,10000,4230,4,0
1035,157,4089.171974522293,10000,0,64,0
1036,178,7142.91011235955,10000,0,82,0
1037,364,4541.302197802198,10000,0,104,0
1038,165,5743.442424242424,10000,0,50,0
1039,243,4812.0,10000,0,74,0
1040,264,6231.090909090909,10000,0,110,0
1041,104,5253.961538461538,10000,0,48,46
1042,310,4547.9,10000,0,87,0
1043,188,5430.654255319149,10000,0,68,0
1044,173,2628.0751445086707,10000,0,51,0
1045,227,6969.563876651982,10000,0,104,0
1046,149,5536.456375838926,10000,0,77,0
1047,335,5414.955223880597,10000,0,105,0
1048,449,4961.39420935412,10000,0,108,0
1049,232,6541.193965517241,10000,0,93,0
1050,187,7252.213903743315,10000,0,98,0
1051,257,3145.525291828794,10000,0,56,0
1052,249,5636.248995983936,10000,0,104,0
1053,17,6990.294117647059,10000,0,3,0
1054,49,5183.673469387755,10000,0,20,0
1055,147,3695.931972789116,10000,0,37,0
1056,183,6751.44262295082,10000,0,74,40
1057,241,5445.327800829876,10000,0,97,0
1058,197,6708.715736040609,10000,0,78,18
1059,19,1412.5263157894738,10000,0,3,0
1060,213,5551.868544600939,10000,0,84,0
1061,236,5951.949152542373,10000,0,73,0
1062,150,5920.173333333333,10000,0,66,0
1063,239,6468.071129707113,10000,0,100,0
1064,195,6257.528205128205,10000,0,99,0
1065,205,3084.234146341463,10000,0,45,0
1066,55,4436.363636363636,10000,0,28,0
1067,173,4980.578034682081,10000,0,74,0
1068,12,3067.1666666666665,10000,0,5,0
1069,210,6697.757142857143,10000,0,101,12
1070,417,5594.705035971223,10000,0,117,0
1071,202,4170.247524752475,10000,0,61,0
1072,321,4293.180685358256,10000,0,85,0
1073,183,5852.054644808743,10000,0,97,0
1074,54,5219.111111111111,10000,0,20,0
1075,185,4309.578378378378,10000,0,61,0
1076,144,5363.875,10000,0,59,0
1077,162,6912.808641975309,10000,0,101,0
1078,386,6045.4715025906735,10000,0,108,0
1079,147,4984.843537414966,10000,0,35,0
1080,139,3618.863309352518,10000,0,36,0
1081,37,4189.189189189189,10000,0,17,0
1082,286,6203.9055944055945,10000,0,110,0
1083,277,2815.346570397112,10000,0,42,0
1084,209,3262.267942583732,10000,0,51,0
1085,426,4712.819248826291,10000,0,121,0
1086,199,7462.271356783919,10000,0,104,14
1087,141,4841.418439716312,10000,0,54,0
1088,368,5036.33152173913,10000,0,104,0
1089,40,6928.5,10000,0,17,0
1090,31,4580.580645161291,10000,0,13,0
1091,172,5130.906976744186,10000,0,43,0
1092,10,2262.7,10000,0,3,0
1093,502,4823.282868525896,10000,0,106,0
1094,173,4837.254335260116,10000,0,47,0
1095,110,6302.590909090909,10000,0,60,0
1096,196,6302.581632653061,10000,0,59,0
1097,155,5489.83870967742,10000,0,70,0
1098,211,5874.658767772512,10000,0,82,0
1099,136,4178.058823529412,10000,0,25,0
1100,13,5384.615384615385,10000,0,5,0
1101,188,5995.478723404255,10000,0,64,0
1102,247,5998.854251012146,10000,0,110,0
1103,28,5996.178571428572,10000,0,16,0
1104,204,6707.308823529412,10000,0,118,0
1105,149,7106.852348993289,10000,0,93,0
1106,165,7169.412121212121,10000,0,86,0
1107,238,6551.399159663865,10000,0,101,0
1108,194,3767.4278350515465,10000,0,29,0
1109,317,5059.785488958991,10000,0,104,8
1110,94,6115.18085106383,10000,0,48,0
1111,146,5281.342465753424,10000,0,55,0
1112,220,5868.322727272727,10000,0,103,0
1113,406,3997.3349753694574,10000,0,89,0
1114,319,5228.576802507837,10000,0,117,0
1115,402,3283.007462686567,10000,0,82,96
1116,356,5436.8792134831465,10000,0,93,0
1117,561,4818.119429590018,10000,0,118,0
1118,196,4170.188775510204,10000,0,73,0
1119,142,5840.711267605634,10000,0,62,0
1120,122,6574.7213114754095,10000,0,71,0
1121,284,4149.830985915493,10000,0,87,0
1122,292,5734.273972602739,10000,0,107,0
1123,9,3666.3333333333335,10000,333,3,0
1124,231,5050.848484848485,10000,0,82,0
1125,206,4857.364077669903,10000,0,49,0
1126,98,3533.520408163265,10000,0,44,0
1127,374,5912.508021390375,10000,0,115,0
1128,63,3571.428571428572,10000,0,20,0
1129,259,3829.7567567567567,10000,0,58,0
1130,136,6452.625,10000,0,63,0
1131,288,7046.131944444444,10000,0,141,0
1132,243,5261.185185185185,10000,0,90,0
1133,140,5989.178571428572,10000,0,58,0
1134,93,2464.1505376344085,10000,0,28,0
1135,228,5125.526315789473,10000,0,69,0
1136,236,4876.936440677966,10000,0,64,0
1137,27,5158.703703703704,10000,0,12,0
1138,115,6265.547826086957,10000,0,59,0
1139,401,3723.3940149625937,10000,0,104,0
1140,334,5757.77245508982,10000,0,102,0
1141,139,5093.381294964029,10000,0,48,0
1142,200,5894.305,10000,0,70,0
1143,288,5222.371527777777,10000,0,86,0
1144,160,4294.59375,10000,0,55,0
1145,445,4700.265168539326,10000,0,124,0
1146,23,7806.521739130435,10000,0,13,0
1147,89,5945.786516853933,10000,0,49,10
1148,166,6073.05421686747,10000,0,71,0
1149,367,3195.0054495912805,10000,0,41,25
1150,543,6022.29650092081,10000,0,210,18
1151,5,0.0,0,0,5,0
1152,133,4660.571428571428,10000,0,42,0
1153,187,4707.534759358289,10000,0,69,6
1154,140,5133.364285714286,10000,0,40,0
1155,249,6672.915662650603,10000,0,109,0
1156,440,5174.406818181818,10000,0,100,0
1157,267,4832.134831460674,10000,0,111,0
1158,193,1881.3886010362692,10000,0,49,0
1159,491,5007.67617107943,10000,0,109,0
1160,107,5905.897196261682,10000,0,59,0
1161,340,5416.441176470588,10000,0,111,0
1162,52,2820.096153846154,10000,0,12,0
1163,562,3405.6672597864767,10000,0,98,0
1164,147,6057.027210884354,10000,0,63,0
1165,315,4721.990476190476,10000,0,94,0
1166,434,3929.0,10000,0,100,0
1167,167,6056.508982035928,10000,0,80,0
1168,56,5093.303571428572,10000,0,23,2
1169,266,5601.402255639097,10000,0,81,0
1170,113,6946.460176991151,10000,0,67,0
1171,139,6315.338129496403,10000,0,64,0
1172,376,5098.622340425532,10000,0,103,0
1173,1,0.0,0,0,1,0
1174,92,5405.130434782609,10000,0,38,0
1175,28,7678.571428571428,10000,0,21,0
1176,132,5560.522727272727,10000,0,61,5
1177,10,5000.0,10000,0,5,0
1178,348,6085.997126436781,10000,0,130,0
1179,170,3540.2823529411767,10000,0,47,0
1180,365,4430.734246575343,10000,0,111,0
1181,144,5734.020833333333,10000,0,63,0
1182,104,6875.596153846154,10000,0,50,0
1183,328,5214.298780487805,10000,0,97,0
1184,53,566.0377358490566,10000,0,6,0
1185,1,0.0,0,0,1,0
1186,141,5725.744680851064,10000,0,51,0
1187,4,7500.0,10000,0,1,0
1188,200,5662.345,10000,0,59,0
1189,330,4973.184848484849,10000,0,112,9
1190,172,6237.773255813953,10000,0,83,0
1191,7,8000.0,10000,0,4,0
1192,8,8352.375,10000,2083,5,0
1193,329,3156.0243161094227,10000,0,59,0
1194,193,6452.253886010362,10000,0,85,0
1195,119,6724.90756302521,10000,0,62,0
1196,171,5654.298245614035,10000,0,77,0
1197,99,5272.727272727273,10000,0,53,0
1198,188,6852.771276595745,10000,0,70,0
1199,188,5081.70744680851,10000,0,88,0
1200,200,4597.585,10000,0,49,0
1201,466,4907.579399141631,10000,0,107,0
1202,144,5495.875,10000,0,45,0
1203,165,5277.963636363636,10000,0,73,6
1204,154,6066.694805194805,10000,0,63,0
1205,2,8428.5,10000,6857,1,0
1206,162,5918.456790123457,10000,0,63,0
1207,130,4407.353846153847,10000,0,41,0
1208,554,5166.379061371841,10000,0,80,119
1209,283,5853.886925795053,10000,0,90,0
1210,175,5927.805714285714,10000,0,79,0
1211,271,4741.546125461255,10000,0,43,0
1212,273,3549.875457875458,10000,0,45,0
1213,41,6219.512195121952,10000,0,24,0
1214,132,4335.257575757576,10000,0,11,0
1215,20,0.0,0,0,1,0
1216,218,6612.587155963302,10000,0,98,0
1217,50,8452.38,10000,0,33,0
1218,250,1718.64,10000,0,32,0
1219,185,6482.843243243243,10000,0,86,0
1220,375,5016.242666666667,10000,0,111,18
1221,163,4539.969325153375,10000,0,49,0
1222,62,4723.258064516129,10000,0,26,0
1223,256,4931.79296875,10000,0,80,0
1224,227,4083.2026431718064,10000,0,75,0
1225,51,4019.607843137255,10000,0,19,0
1226,4,6259.75,10000,1578,3,0
1227,295,5828.145762711864,10000,0,102,0
1228,236,4076.877118644068,10000,0,77,0
1229,133,6767.345864661655,10000,0,48,0
1230,75,7497.746666666667,10000,0,44,0
1231,149,6761.852348993289,10000,0,79,0
1232,363,6070.669421487603,10000,0,115,0
1233,157,5354.3121019108285,10000,0,57,0
1234,187,6494.197860962567,10000,0,94,0
1235,213,6908.971830985915,10000,0,83,0
1236,314,6162.4331210191085,10000,0,105,0
1237,30,6090.766666666666,10000,0,18,0
1238,20,4658.3,10000,0,7,0
1239,95,6544.621052631579,10000,0,40,0
1240,212,6248.5330188679245,10000,0,90,0
1241,42,5595.238095238095,10000,0,22,0
1242,51,5348.490196078431,10000,0,13,0
1243,197,4228.274111675127,10000,0,74,0
1244,157,6194.019108280255,10000,0,60,0
1245,132,7147.477272727273,10000,0,54,17
1246,46,1956.5217391304348,10000,0,14,0
1247,256,6473.03125,10000,0,102,0
1248,208,5350.879807692308,10000,0,84,0
1249,250,5194.1,10000,0,93,0
1250,146,6242.390410958904,10000,0,62,0
1251,69,5798.782608695652,10000,0,27,0
1252,269,4467.472118959108,10000,0,58,0
1253,188,6329.590425531915,10000,0,83,0
1254,303,5596.442244224422,10000,0,97,0
1255,285,5666.743859649123,10000,0,99,0
1256,343,4903.580174927114,10000,0,49,17
1257,280,5381.210714285714,10000,0,113,0
1258,197,7005.675126903553,10000,0,91,0
1259,328,5187.536585365854,10000,0,104,0
1260,254,6198.023622047244,10000,0,115,0
1261,225,6370.035555555555,10000,0,103,0
1262,6,5297.166666666667,6428,0,2,0
1263,121,6037.735537190083,10000,0,50,0
1264,493,2889.2312373225154,10000,0,60,0
1265,8,5696.0,10000,0,4,0
1266,551,5583.9473684210525,10000,0,116,0
1267,79,4830.569620253164,10000,0,20,0
1268,95,6242.452631578947,10000,0,47,0
1269,345,2231.1420289855077,10000,0,41,0
1270,369,4967.40650406504,10000,0,104,0
1271,130,5419.953846153846,10000,0,55,0
1272,87,7004.724137931034,10000,0,49,0
1273,217,6124.041474654377,10000,0,98,0
1274,152,6139.0723684210525,10000,0,63,0
1275,6,952.3333333333334,2857,0,2,0
1276,47,3617.021276595745,10000,0,10,0
1277,182,5175.846153846154,10000,0,57,0
1278,151,7379.841059602649,10000,0,90,0
1279,252,3233.8849206349205,10000,0,58,0
1280,60,4083.3333333333335,10000,0,23,0
1281,249,4333.116465863453,10000,0,76,0
1282,324,4615.268518518518,10000,0,59,0
1283,189,6161.455026455026,10000,0,87,17
1284,344,5535.6511627906975,10000,0,116,0
1285,357,5112.605042016807,10000,0,102,0
1286,277,4525.328519855596,10000,0,109,0
1287,251,4260.617529880478,10000,0,100,0
1288,227,5856.237885462555,10000,0,85,0
1289,186,6776.919354838709,10000,0,87,0
1290,380,5222.421052631579,10000,0,120,0
1291,366,3749.478142076503,10000,0,102,0
1292,198,5109.459595959596,10000,0,58,0
1293,228,5807.25,10000,0,75,15
1294,117,5372.17094017094,10000,0,43,0
1295,401,3209.847880299252,10000,0,84,0
1296,470,3761.542553191489,10000,0,107,0
1297,226,4499.694690265486,10000,0,87,0
1298,237,4263.194092827004,10000,0,100,0
1299,176,6228.528409090909,10000,0,99,0
1300,294,4810.914965986394,10000,0,94,0
1301,295,4718.938983050847,10000,0,87,0
1302,90,4535.988888888889,10000,0,37,0
1303,328,5233.40243902439,10000,0,101,0
1304,305,5491.308196721311,10000,0,87,0
1305,10,4000.0,10000,0,2,0
1306,285,5173.754385964912,10000,0,76,0
1307,299,5562.889632107023,10000,0,106,0
1308,286,4977.783216783217,10000,0,107,0
1309,269,5502.624535315985,10000,0,61,0
1310,316,5118.177215189873,10000,0,71,0
1311,246,5347.508130081301,10000,0,106,0
1312,312,5888.929487179487,10000,0,121,0
1313,278,4182.3345323741005,10000,0,51,0
1314,201,6886.686567164179,10000,0,104,0
1315,375,2865.648,10000,0,51,179
1316,252,4716.345238095239,10000,0,66,0
1317,130,5932.215384615384,10000,0,40,11
1318,219,5580.977168949772,10000,0,57,0
1319,561,5259.443850267379,10000,0,117,0
1320,215,6023.641860465116,10000,0,86,0
1321,249,5555.497991967872,10000,0,112,0
1322,260,4707.846153846154,10000,0,94,0
1323,506,5464.5,10000,0,103,0
1324,184,5217.119565217391,10000,0,32,0
1325,206,5823.990291262136,10000,0,106,0
1326,281,6032.893238434163,10000,0,115,0
1327,152,5296.059210526316,10000,0,63,14
1328,7,0.0,0,0,1,0
1329,171,5293.169590643275,10000,0,48,0
1330,248,4494.717741935484,10000,0,63,0
1331,329,6357.130699088146,10000,0,111,0
1332,154,6992.194805194805,10000,0,98,0
1333,321,2272.376947040498,10000,0,43,0
1334,272,6186.720588235294,10000,0,118,0
1335,193,6391.082901554404,10000,0,105,17
1336,134,6015.873134328358,10000,0,50,0
1337,37,5685.216216216216,10000,0,16,0
1338,94,5564.31914893617,10000,0,47,0
1339,157,5931.24203821656,10000,0,48,0
1340,102,4687.254901960784,10000,0,28,0
1341,84,4514.333333333333,10000,0,42,29
1342,11,3636.363636363637,10000,0,3,0
1343,199,6143.271356783919,10000,0,87,0
1344,9,3888.8888888888887,10000,0,8,0
1345,4,0.0,0,0,2,0
1346,112,6638.651785714285,10000,0,42,0
1347,422,5363.575829383886,10000,0,116,0
1348,266,5510.951127819549,10000,0,59,0
1349,11,7520.636363636364,10000,0,8,0
1350,218,4621.559633027523,10000,0,56,0
1351,106,3141.509433962264,10000,0,26,0
1352,33,7429.545454545455,10000,0,14,0
1353,113,5323.548672566371,10000,0,33,21
1354,190,4081.157894736842,10000,0,50,0
1355,342,4330.210526315789,10000,0,78,0
1356,171,4774.80701754386,10000,0,65,0
1357,153,5190.633986928105,10000,0,45,0
1358,346,6170.702312138728,10000,0,67,33
1359,85,5339.011764705882,10000,0,35,0
1360,184,6099.201086956522,10000,0,96,0
1361,75,813.3333333333334,10000,0,13,0
1362,191,6786.717277486911,10000,0,76,0
1363,107,5896.2336448598135,10000,0,48,0
1364,196,5748.530612244898,10000,0,65,0
1365,202,5396.80198019802,10000,0,77,23
1366,128,5831.0625,10000,0,40,0
1367,188,5813.324468085107,10000,0,72,0
1368,133,4753.375939849624,10000,0,48,0
1369,49,3866.5510204081634,10000,0,20,0
1370,215,5357.358139534884,10000,0,112,0
1371,300,2891.393333333333,10000,0,60,0
1372,119,5271.638655462185,10000,0,45,0
1373,15,1007.8,3461,0,2,0
1374,18,6806.166666666667,10000,1500,5,0
1375,59,6057.4915254237285,10000,0,28,0
1376,187,4287.021390374332,10000,0,36,0
1377,209,6033.363636363636,10000,0,54,0
1378,427,5006.754098360656,10000,0,112,0
1379,99,6804.757575757576,10000,0,45,31
1380,243,5463.679012345679,10000,0,94,24
1381,277,6662.212996389892,10000,0,100,0
1382,242,4317.243801652892,10000,0,83,0
1383,186,4287.166666666667,10000,0,60,19
1384,312,4176.942307692308,10000,0,90,0
1385,243,4333.041152263375,10000,0,64,0
1386,11,9636.363636363636,10000,8000,10,0
1387,386,5253.401554404145,10000,0,115,0
1388,41,3666.1951219512193,10000,0,16,0
1389,156,6465.641025641025,10000,0,68,0
1390,144,6124.895833333333,10000,0,56,0
1391,77,5442.714285714285,10000,0,35,0
1392,249,5609.269076305221,10000,0,54,0
1393,152,5546.052631578948,10000,0,35,0
1394,5,0.0,0,0,2,0
1395,139,5305.553956834532,10000,0,58,0
1396,484,4140.590909090909,10000,0,101,0
1397,114,5427.684210526316,10000,0,41,0
1398,351,5102.156695156696,10000,0,106,0
1399,297,5627.80808080808,10000,0,105,0
1400,207,6235.270531400966,10000,0,94,0
1401,124,5672.451612903225,10000,0,45,0
1402,1,10000.0,10000,10000,1,0
1403,306,3701.529411764706,10000,0,80,0
1404,372,3474.8897849462364,10000,0,65,0
1405,332,5334.867469879519,10000,0,91,0
1406,80,4976.5875,10000,0,26,0
1407,225,7447.511111111111,10000,0,102,0
1408,73,3989.1917808219177,10000,0,21,0
1409,289,5196.726643598616,10000,0,63,0
1410,125,4697.072,10000,0,44,0
1411,109,5938.642201834862,10000,0,44,10
1412,148,5490.486486486487,10000,0,61,0
1413,209,4437.057416267942,10000,0,63,0
1414,229,5362.0,10000,0,61,0
1415,158,4508.949367088608,10000,0,43,0
1416,109,5215.926605504587,10000,0,21,0
1417,231,5626.285714285715,10000,0,63,0
1418,132,5146.310606060606,10000,0,50,0
1419,197,5130.137055837564,10000,0,60,0
1420,122,5279.450819672131,10000,0,51,0
1421,1,0.0,0,0,1,0
1422,335,5273.958208955224,10000,0,111,0
1423,211,6898.554502369669,10000,0,98,0
1424,116,5016.870689655172,10000,0,50,0
1425,153,6199.516339869281,10000,0,77,0
1426,76,4618.421052631579,10000,0,34,0
1427,217,6080.990783410139,10000,0,50,0
1428,506,3824.54743083004,10000,0,94,0
1429,311,5517.958199356914,10000,0,115,0
1430,266,5244.9473684210525,10000,0,94,0
1431,272,6354.628676470588,10000,0,105,0
1432,470,4020.9659574468087,10000,0,94,0
1433,99,4237.030303030303,10000,0,34,0
1434,143,5566.811188811189,10000,0,59,0
1435,77,4329.220779220779,10000,0,25,0
1436,49,2797.530612244898,10000,0,15,0
1437,62,7132.564516129032,10000,0,32,0
1438,2,0.0,0,0,1,0
1439,42,6486.476190476191,10000,0,21,2
1440,448,4325.904017857143,10000,0,90,0
1441,60,5954.666666666667,10000,0,31,0
1442,220,4430.372727272727,10000,0,75,40
1443,144,5907.402777777777,10000,0,81,0
1444,202,6573.534653465346,10000,0,119,1
1445,7,4925.285714285715,10000,0,5,0
1446,21,2380.9523809523807,10000,0,14,0
1447,184,4540.625,10000,0,58,0
1448,266,4899.146616541353,10000,0,116,0
1449,191,5640.387434554974,10000,0,60,0
1450,48,3437.5,10000,0,15,0
1451,168,4152.976190476191,10000,0,61,7
1452,227,4438.704845814978,10000,0,73,0
1453,206,7082.368932038835,10000,0,106,0
1454,246,5245.126016260163,10000,0,95,0
1455,158,5535.430379746836,10000,0,61,0
1456,151,5746.880794701987,10000,0,81,0
1457,46,5000.0,10000,0,21,0
1458,94,6186.148936170212,10000,0,39,15
1459,79,6056.2531645569625,10000,0,40,0
1460,350,4816.925714285714,10000,0,85,0
1461,192,6251.161458333333,10000,0,62,0
1462,335,5414.826865671642,10000,0,107,0
1463,259,5006.2277992278,10000,0,53,0
1464,181,4860.403314917127,10000,0,51,0
1465,517,4387.419729206963,10000,0,109,0
1466,186,6178.4946236559135,10000,0,79,20
1467,2,0.0,0,0,0,0
1468,572,1742.5594405594406,10000,0,77,0
1469,596,4254.3288590604025,10000,0,118,0
1470,518,4130.519305019305,10000,0,76,50
1471,120,4398.583333333333,10000,0,32,0
1472,156,4132.570512820513,10000,0,40,0
1473,143,5955.706293706294,10000,0,70,0
1474,206,5765.902912621359,10000,0,91,0
1475,115,4779.878260869566,10000,0,28,0
1476,339,5645.401179941003,10000,0,100,0
1477,75,3910.4666666666662,10000,0,25,7
1478,163,5450.98773006135,10000,0,47,0
1479,205,3244.414634146341,10000,0,38,0
1480,105,3739.542857142857,10000,0,29,0
1481,249,5976.911646586345,10000,0,96,0
1482,200,6432.375,10000,0,59,0
1483,15,8000.0,10000,0,11,0
1484,74,5581.081081081081,10000,0,34,0
1485,260,6204.557692307692,10000,0,78,0
1486,437,4998.466819221968,10000,0,103,0
1487,94,4343.329787234043,10000,0,34,0
1488,399,6353.769423558897,10000,0,96,0
