student_id,total_submissions,avg_testcase_passed,max_testcase_passed,min_testcase_passed,scored_submissions,late_submissions,success_rate,scored_to_total_ratio,testcase_range,total_testcases_passed
75,220,4550.186363636363,10000,0,54,0,20.6826652892562,0.2454545454545454,10000,14550.186363636363
755,3,1153.6666666666667,3461,0,1,0,384.5555555555556,0.3333333333333333,3461,4614.666666666667
86,117,1771.3162393162393,10000,0,23,0,15.139455036890936,0.1965811965811965,10000,11771.316239316238
599,455,5525.178021978022,10000,0,118,0,12.143248399951696,0.2593406593406593,10000,15525.178021978025
143,140,5629.9,10000,0,46,11,40.21357142857143,0.3285714285714285,10000,15629.9
556,334,3278.688622754491,10000,0,64,0,9.816433002258956,0.1916167664670658,10000,13278.688622754493
441,268,5798.962686567164,10000,0,75,19,21.63792047226553,0.2798507462686567,10000,15798.962686567163
378,154,5277.577922077922,10000,0,68,0,34.269986506999494,0.4415584415584415,10000,15277.577922077922
10,3,5619.0,10000,0,2,0,1873.0,0.6666666666666666,10000,15619.0
124,260,5863.392307692307,10000,0,78,0,22.551508875739643,0.3,10000,15863.392307692307
179,105,6355.114285714286,10000,0,58,0,60.52489795918368,0.5523809523809524,10000,16355.114285714286
624,129,6251.635658914729,10000,0,61,0,48.46229192957154,0.4728682170542636,10000,16251.635658914727
502,357,4509.187675070028,10000,0,90,0,12.630777801316604,0.2521008403361344,10000,14509.187675070028
166,322,4403.086956521739,10000,0,112,0,13.67418309478801,0.3478260869565217,10000,14403.08695652174
78,439,4412.510250569476,10000,0,69,2,10.051276197196984,0.1571753986332574,10000,14412.510250569476
644,47,1702.127659574468,10000,0,10,0,36.2154821186057,0.2127659574468085,10000,11702.127659574468
703,263,3271.927756653992,10000,0,61,0,12.440789949254723,0.2319391634980988,10000,13271.927756653991
394,104,4696.951923076923,10000,0,48,0,45.16299926035503,0.4615384615384615,10000,14696.951923076922
572,128,6400.5390625,10000,0,59,0,50.00421142578125,0.4609375,10000,16400.5390625
414,318,5051.327044025157,10000,0,102,0,15.88467623907282,0.320754716981132,10000,15051.327044025158
154,749,2747.838451268358,10000,0,127,0,3.668676169917701,0.1695594125500667,10000,12747.83845126836
698,184,6939.217391304348,10000,0,101,0,37.71313799621928,0.5489130434782609,10000,16939.217391304348
583,559,3089.2862254025044,10000,0,62,0,5.5264512082334605,0.110912343470483,10000,13089.286225402504
399,278,4712.413669064748,10000,0,98,0,16.951128305988302,0.3525179856115107,10000,14712.413669064748
287,409,5181.1540342298285,10000,0,106,0,12.667858274400558,0.2591687041564792,10000,15181.154034229829
205,369,4929.216802168022,10000,0,93,0,13.358311116986508,0.2520325203252032,10000,14929.216802168025
683,200,6394.96,10000,0,100,0,31.9748,0.5,10000,16394.96
230,123,4871.90243902439,10000,0,53,0,39.60896291889748,0.4308943089430894,10000,14871.90243902439
127,153,6326.673202614379,10000,0,59,0,41.35080524584561,0.3856209150326797,10000,16326.67320261438
200,142,4229.683098591549,10000,0,46,0,29.786500694306685,0.323943661971831,10000,14229.68309859155
472,48,4583.333333333333,10000,0,21,0,95.4861111111111,0.4375,10000,14583.333333333332
295,237,4374.7468354430375,10000,0,63,0,18.458847406932648,0.2658227848101265,10000,14374.746835443038
486,176,5015.210227272727,10000,0,77,0,28.49551265495868,0.4375,10000,15015.210227272728
132,473,3285.4862579281184,10000,0,118,0,6.946059741919912,0.2494714587737843,10000,13285.486257928118
336,12,5833.333333333333,10000,0,7,0,486.1111111111111,0.5833333333333334,10000,15833.333333333332
17,76,1907.8947368421047,10000,0,17,0,25.103878116343484,0.2236842105263158,10000,11907.894736842103
297,361,3969.836565096953,10000,0,85,0,10.99677718863422,0.2354570637119113,10000,13969.836565096954
192,3,10000.0,10000,10000,3,0,3333.333333333333,1.0,0,30000.0
44,327,4285.146788990825,10000,0,79,0,13.104424431164604,0.2415902140672783,10000,14285.146788990824
525,259,5473.258687258687,10000,0,109,0,21.132272923778714,0.4208494208494208,10000,15473.258687258687
388,348,5541.91091954023,10000,0,116,0,15.925031377989166,0.3333333333333333,10000,15541.91091954023
98,122,4113.836065573771,10000,0,43,0,33.719967750604674,0.3524590163934426,10000,14113.83606557377
72,5,0.0,0,0,5,0,0.0,1.0,0,0.0
689,298,4776.073825503356,10000,0,97,0,16.027093374172335,0.3255033557046979,10000,14776.073825503356
369,104,6635.548076923077,10000,0,62,0,63.80334689349112,0.5961538461538461,10000,16635.548076923078
381,210,5272.366666666667,10000,0,63,0,25.10650793650794,0.3,10000,15272.366666666669
9,175,6714.891428571428,10000,0,75,0,38.3708081632653,0.4285714285714285,10000,16714.891428571427
276,120,550.0,10000,0,65,0,4.583333333333333,0.5416666666666666,10000,10550.0
740,157,6174.611464968153,10000,0,62,0,39.328735445657024,0.3949044585987261,10000,16174.611464968151
589,202,5990.80198019802,10000,0,54,0,29.65743554553476,0.2673267326732673,10000,15990.80198019802
550,513,5645.469785575049,10000,0,124,0,11.004814396832456,0.2417153996101364,10000,15645.46978557505
598,78,923.0769230769232,10000,0,10,0,11.83431952662722,0.1282051282051282,10000,10923.076923076924
511,68,4333.308823529412,10000,0,22,0,63.72512975778547,0.3235294117647059,10000,14333.308823529413
514,153,5927.339869281046,10000,0,59,0,38.740783459353246,0.3856209150326797,10000,15927.339869281046
331,589,3939.9286926994905,10000,0,99,0,6.689182839897267,0.1680814940577249,10000,13939.92869269949
507,304,6506.5921052631575,10000,0,118,0,21.403263504155124,0.3881578947368421,10000,16506.592105263157
759,557,4278.605026929982,10000,0,115,0,7.681517104003559,0.2064631956912028,10000,14278.60502692998
520,281,4739.434163701068,10000,0,97,0,16.866313749825867,0.3451957295373665,10000,14739.43416370107
130,234,6755.508547008547,10000,0,115,0,28.86969464533567,0.4914529914529914,10000,16755.508547008547
596,141,6898.695035460993,10000,0,63,0,48.92691514511342,0.4468085106382978,10000,16898.695035460994
317,196,6298.816326530612,10000,0,84,0,32.136817992503126,0.4285714285714285,10000,16298.816326530612
202,96,6415.4375,10000,0,52,0,66.82747395833333,0.5416666666666666,10000,16415.4375
519,246,3149.9430894308944,10000,0,62,0,12.804646705003636,0.2520325203252032,10000,13149.943089430892
491,144,7050.590277777777,10000,0,81,0,48.9624324845679,0.5625,10000,17050.590277777777
485,324,4777.611111111111,10000,0,114,0,14.74571330589849,0.3518518518518518,10000,14777.611111111111
635,119,4052.109243697479,10000,0,41,0,34.051338182331754,0.3445378151260504,10000,14052.10924369748
664,324,5291.006172839506,10000,0,73,0,16.33026596555403,0.2253086419753086,10000,15291.006172839505
62,128,2555.3984375,10000,0,22,0,19.96405029296875,0.171875,10000,12555.3984375
49,173,5540.190751445087,10000,0,57,0,32.02422399679241,0.3294797687861271,10000,15540.190751445089
652,1,10000.0,10000,10000,1,0,10000.0,1.0,0,30000.0
697,3,3833.3333333333335,10000,500,2,0,1277.7777777777778,0.6666666666666666,9500,14333.333333333334
181,170,4848.4,10000,0,61,0,28.52,0.3588235294117647,10000,14848.4
20,170,4438.235294117647,10000,0,53,0,26.10726643598616,0.3117647058823529,10000,14438.235294117649
496,77,7963.311688311688,10000,0,63,0,103.4196323157362,0.8181818181818182,10000,17963.31168831169
706,1,0.0,0,0,1,0,0.0,1.0,0,0.0
116,373,4423.214477211796,10000,0,80,0,11.858483853114736,0.2144772117962466,10000,14423.214477211795
249,314,5948.617834394904,10000,0,114,0,18.944642784697148,0.3630573248407643,10000,15948.617834394903
286,247,5648.631578947368,10000,0,98,0,22.86895376092052,0.3967611336032389,10000,15648.631578947368
551,296,4709.925675675676,10000,0,72,0,15.91191106647188,0.2432432432432432,10000,14709.925675675677
288,9,1349.0,9285,0,1,0,149.88888888888889,0.1111111111111111,9285,10634.0
409,139,5197.589928057554,10000,0,45,0,37.392733295378086,0.3237410071942446,10000,15197.589928057554
329,348,5996.244252873563,10000,0,132,0,17.23058693354472,0.3793103448275862,10000,15996.244252873565
489,13,8461.538461538461,10000,0,10,0,650.887573964497,0.7692307692307693,10000,18461.53846153846
13,272,5892.172794117647,10000,0,49,0,21.662399978373703,0.1801470588235294,10000,15892.172794117649
561,428,5385.070093457944,10000,0,107,0,12.58193947069613,0.25,10000,15385.070093457944
107,248,5327.616935483871,10000,0,46,0,21.482326352757543,0.1854838709677419,10000,15327.616935483871
622,149,5228.463087248322,10000,0,46,0,35.0903562902572,0.3087248322147651,10000,15228.46308724832
46,158,3490.949367088608,10000,0,55,0,22.094616247396253,0.3481012658227848,10000,13490.949367088608
464,280,5845.5142857142855,10000,0,114,0,20.87683673469388,0.4071428571428571,10000,15845.514285714286
55,342,4967.830409356725,10000,0,104,0,14.52581991039978,0.3040935672514619,10000,14967.830409356724
222,179,4257.413407821229,10000,0,46,0,23.78443244592865,0.2569832402234637,10000,14257.41340782123
183,194,5715.89175257732,10000,0,84,0,29.46335954936763,0.4329896907216495,10000,15715.89175257732
81,157,7187.617834394904,10000,0,78,0,45.781005314617225,0.4968152866242038,10000,17187.617834394903
521,297,4539.262626262626,10000,0,85,0,15.283712546338808,0.2861952861952861,10000,14539.262626262624
501,128,7187.703125,10000,0,61,0,56.1539306640625,0.4765625,10000,17187.703125
729,514,4498.215953307393,10000,0,113,0,8.7513929052673,0.2198443579766537,10000,14498.215953307394
197,157,3765.3503184713377,10000,0,40,0,23.983123047588137,0.2547770700636942,10000,13765.350318471335
90,2,5000.0,10000,0,1,0,2500.0,0.5,10000,15000.0
254,185,5660.151351351351,10000,0,70,0,30.595412710007302,0.3783783783783784,10000,15660.151351351353
23,405,5427.372839506173,10000,0,107,0,13.400920591373266,0.2641975308641975,10000,15427.372839506172
584,228,4268.074561403509,10000,0,59,0,18.719625269313635,0.2587719298245614,10000,14268.074561403508
681,204,6290.946078431372,10000,0,76,0,30.83797097270281,0.3725490196078431,10000,16290.946078431372
613,341,2029.633431085044,10000,0,59,0,5.952004196730335,0.1730205278592375,10000,12029.633431085043
185,252,4461.658730158731,10000,0,85,0,17.704994960947342,0.3373015873015873,10000,14461.658730158731
133,314,4040.853503184713,10000,0,75,0,12.8689602012252,0.2388535031847133,10000,14040.853503184711
76,157,6130.828025477707,10000,0,61,0,39.04986003488985,0.3885350318471338,10000,16130.828025477707
28,343,5878.583090379008,10000,0,108,0,17.138726211017516,0.314868804664723,10000,15878.583090379008
347,70,6419.171428571429,10000,0,34,0,91.70244897959184,0.4857142857142857,10000,16419.17142857143
71,327,4992.623853211009,10000,0,104,0,15.267962853856297,0.3180428134556575,10000,14992.62385321101
134,51,1764.7058823529412,10000,0,12,0,34.602076124567475,0.2352941176470588,10000,11764.70588235294
377,41,5839.682926829269,10000,0,29,0,142.43129089827485,0.7073170731707317,10000,15839.682926829268
349,328,4392.399390243902,10000,0,83,0,13.391461555621651,0.2530487804878049,10000,14392.399390243903
445,347,5584.291066282421,10000,0,113,0,16.09305782790323,0.3256484149855908,10000,15584.291066282422
257,335,5025.6,10000,0,100,0,15.00179104477612,0.2985074626865671,10000,15025.6
150,233,6104.545064377682,10000,0,91,0,26.19976422479692,0.3905579399141631,10000,16104.545064377682
112,147,5051.496598639455,10000,0,66,0,34.363922439724185,0.4489795918367347,10000,15051.496598639456
362,341,5688.6568914956015,10000,0,97,0,16.68227827418065,0.2844574780058651,10000,15688.6568914956
269,204,6380.931372549019,10000,0,91,0,31.279075355632447,0.446078431372549,10000,16380.93137254902
311,307,3902.749185667753,10000,0,64,0,12.712538064064342,0.2084690553745928,10000,13902.749185667752
359,75,6856.586666666667,10000,0,46,0,91.42115555555556,0.6133333333333333,10000,16856.586666666666
587,8,0.0,0,0,5,0,0.0,0.625,0,0.0
162,336,4652.488095238095,10000,0,97,0,13.84669075963719,0.2886904761904761,10000,14652.488095238095
226,176,5732.534090909091,10000,0,92,0,32.57121642561984,0.5227272727272727,10000,15732.534090909092
273,228,4578.337719298245,10000,0,65,92,20.080428593413355,0.2850877192982456,10000,14578.337719298244
4,199,5240.025125628141,10000,0,90,0,26.33178455089518,0.4522613065326633,10000,15240.02512562814
103,185,4431.6,10000,0,53,0,23.9545945945946,0.2864864864864865,10000,14431.6
307,194,6203.4639175257735,10000,0,100,0,31.97661813157616,0.5154639175257731,10000,16203.463917525773
280,77,5416.38961038961,10000,0,22,0,70.34272221285208,0.2857142857142857,10000,15416.389610389611
563,172,6116.53488372093,10000,0,84,0,35.5612493239589,0.4883720930232558,10000,16116.534883720931
118,118,6330.508474576272,10000,0,68,0,53.64837690318875,0.576271186440678,10000,16330.508474576272
19,12,4153.166666666667,10000,0,3,0,346.09722222222223,0.25,10000,14153.166666666668
110,385,4841.571428571428,10000,0,111,0,12.575510204081631,0.2883116883116883,10000,14841.571428571428
541,275,6387.218181818182,10000,0,112,0,23.22624793388429,0.4072727272727273,10000,16387.21818181818
678,460,5807.730434782608,10000,0,122,0,12.625500945179583,0.2652173913043478,10000,15807.730434782608
524,146,5566.8493150684935,10000,0,73,0,38.129104897729405,0.5,10000,15566.849315068494
165,115,4895.565217391304,10000,0,44,0,42.57013232514178,0.3826086956521739,10000,14895.565217391304
401,136,6636.132352941177,10000,0,71,13,48.79509083044983,0.5220588235294118,10000,16636.132352941175
360,243,6581.205761316873,10000,0,76,30,27.0831512811394,0.3127572016460905,10000,16581.205761316873
227,6,2111.333333333333,10000,0,2,0,351.88888888888886,0.3333333333333333,10000,12111.333333333332
471,31,5967.741935483871,10000,0,17,0,192.50780437044745,0.5483870967741935,10000,15967.741935483871
625,281,5232.3345195729535,10000,0,96,0,18.620407542964248,0.3416370106761566,10000,15232.334519572953
567,119,5548.798319327731,10000,0,40,0,46.62855730527505,0.3361344537815126,10000,15548.798319327732
248,260,5403.923076923077,10000,0,92,0,20.78431952662722,0.3538461538461538,10000,15403.923076923078
152,599,5480.417362270451,10000,0,137,0,9.149277733339652,0.2287145242070117,10000,15480.417362270451
530,215,5142.288372093023,10000,0,79,0,23.917620335316386,0.3674418604651163,10000,15142.288372093022
537,345,6036.005797101449,10000,0,121,0,17.49566897710565,0.3507246376811594,10000,16036.00579710145
38,8,6778.75,10000,0,5,0,847.34375,0.625,10000,16778.75
560,308,4547.055194805195,10000,0,99,0,14.763166216899984,0.3214285714285714,10000,14547.055194805194
593,153,7067.307189542484,10000,0,63,0,46.191550258447606,0.4117647058823529,10000,17067.307189542484
37,236,6551.978813559322,10000,0,86,0,27.76262209135306,0.3644067796610169,10000,16551.978813559323
348,150,6404.066666666667,10000,0,47,0,42.693777777777775,0.3133333333333333,10000,16404.066666666666
340,340,5209.979411764706,10000,0,80,0,15.323468858131488,0.2352941176470588,10000,15209.979411764709
168,192,2756.21875,10000,0,50,0,14.355305989583334,0.2604166666666667,10000,12756.21875
469,250,5846.232,10000,0,85,0,23.384928,0.34,10000,15846.232
367,232,5685.198275862069,10000,0,99,0,24.50516498216409,0.4267241379310345,10000,15685.198275862069
155,97,7224.484536082474,10000,0,48,3,74.4792220214688,0.4948453608247423,10000,17224.484536082473
467,1,10000.0,10000,10000,1,0,10000.0,1.0,0,30000.0
736,210,4972.395238095238,10000,0,65,0,23.67807256235828,0.3095238095238095,10000,14972.395238095238
619,201,5261.55223880597,10000,0,66,0,26.176876809979948,0.3283582089552239,10000,15261.552238805967
415,203,4356.07881773399,10000,0,84,0,21.4585163435172,0.4137931034482758,10000,14356.07881773399
641,329,4901.480243161094,10000,0,124,2,14.898116240611229,0.3768996960486322,10000,14901.480243161095
512,15,0.0,0,0,4,0,0.0,0.2666666666666666,0,0.0
722,194,4783.371134020618,10000,0,51,0,24.65655223721968,0.2628865979381443,10000,14783.371134020616
396,183,6146.360655737705,10000,0,70,0,33.586670249932816,0.3825136612021858,10000,16146.360655737706
136,256,5305.75,10000,0,104,3,20.7255859375,0.40625,10000,15305.75
261,33,3757.5757575757575,10000,0,12,0,113.86593204775022,0.3636363636363636,10000,13757.575757575758
636,98,8012.612244897959,10000,0,60,0,81.76134943773427,0.6122448979591837,10000,18012.61224489796
526,165,5679.684848484849,10000,0,69,0,34.42233241505969,0.4181818181818181,10000,15679.684848484849
352,135,2185.185185185185,10000,0,21,0,16.18655692729767,0.1555555555555555,10000,12185.185185185186
749,129,3510.015503875969,10000,0,43,0,27.209422510666425,0.3333333333333333,10000,13510.01550387597
358,269,5573.185873605948,10000,0,93,0,20.718163098906867,0.345724907063197,10000,15573.185873605948
500,253,3908.968379446641,10000,0,61,0,15.45046790295115,0.2411067193675889,10000,13908.96837944664
592,97,6566.360824742268,10000,0,42,0,67.69444149218833,0.4329896907216495,10000,16566.360824742267
43,206,6390.004854368932,10000,0,92,0,31.01944104062588,0.4466019417475728,10000,16390.004854368934
453,229,5752.3100436681225,10000,0,97,0,25.11925783261189,0.4235807860262008,10000,15752.310043668123
265,258,4906.720930232558,10000,0,103,0,19.018298179195963,0.3992248062015504,10000,14906.720930232555
460,98,5748.275510204082,10000,0,51,0,58.65587255310288,0.5204081632653061,10000,15748.275510204085
344,6,2280.333333333333,10000,0,2,0,380.0555555555555,0.3333333333333333,10000,12280.333333333332
705,170,4137.594117647059,10000,0,63,0,24.33878892733564,0.3705882352941176,10000,14137.59411764706
85,368,5210.45652173913,10000,0,109,0,14.158849243856332,0.296195652173913,10000,15210.45652173913
84,238,5825.605042016807,10000,0,87,0,24.477332109314315,0.3655462184873949,10000,15825.605042016809
628,156,5818.314102564103,10000,0,65,0,37.296885272846815,0.4166666666666667,10000,15818.314102564103
571,310,4957.370967741936,10000,0,84,0,15.991519250780437,0.2709677419354839,10000,14957.370967741936
581,201,3389.9402985074626,10000,0,46,0,16.86537461944011,0.2288557213930348,10000,13389.940298507465
126,300,5231.486666666667,10000,0,83,0,17.438288888888888,0.2766666666666666,10000,15231.486666666668
718,11,7272.727272727273,10000,0,6,0,661.1570247933885,0.5454545454545454,10000,17272.727272727272
50,39,5384.615384615385,10000,0,20,0,138.06706114398423,0.5128205128205128,10000,15384.615384615385
666,28,8607.142857142857,10000,0,23,0,307.39795918367344,0.8214285714285714,10000,18607.14285714285
148,225,4546.622222222222,10000,0,72,0,20.20720987654321,0.32,10000,14546.622222222222
169,177,5636.016949152542,10000,0,67,0,31.841903667528488,0.3785310734463277,10000,15636.01694915254
728,266,6461.007518796992,10000,0,109,0,24.289501950364635,0.4097744360902255,10000,16461.007518796992
313,48,3878.2708333333335,10000,0,19,0,80.79730902777779,0.3958333333333333,10000,13878.270833333334
738,92,4677.20652173913,10000,0,34,0,50.839201323251416,0.3695652173913043,10000,14677.20652173913
164,26,5778.115384615385,10000,0,15,0,222.2352071005917,0.5769230769230769,10000,15778.115384615385
554,141,6081.028368794327,10000,0,55,0,43.127860771590974,0.3900709219858156,10000,16081.028368794328
710,113,2888.132743362832,10000,0,56,0,25.558696843918867,0.495575221238938,10000,12888.132743362832
470,141,5598.929078014185,10000,0,54,0,39.708716865348826,0.3829787234042553,10000,15598.929078014186
430,127,4951.834645669292,10000,0,53,0,38.99082398164797,0.4173228346456692,10000,14951.834645669293
223,273,3724.304029304029,10000,0,54,0,13.64213930147996,0.1978021978021978,10000,13724.304029304029
111,163,5728.306748466258,10000,0,74,0,35.14298618690956,0.4539877300613497,10000,15728.306748466255
650,146,4736.458904109589,10000,0,51,0,32.441499343216364,0.3493150684931507,10000,14736.45890410959
275,317,5133.514195583596,10000,0,108,0,16.194051090169072,0.3406940063091482,10000,15133.514195583595
651,345,4200.324637681159,10000,0,71,0,12.17485402226423,0.2057971014492753,10000,14200.324637681158
665,112,2849.0,10000,0,20,0,25.4375,0.1785714285714285,10000,12849.0
609,175,5846.245714285715,10000,0,60,15,33.40711836734694,0.3428571428571428,10000,15846.245714285717
34,167,4780.221556886228,10000,0,64,0,28.62408117895945,0.3832335329341317,10000,14780.221556886228
478,138,8058.623188405797,10000,0,101,0,58.39582020583911,0.7318840579710145,10000,18058.6231884058
719,408,4471.031862745098,10000,0,89,0,10.958411428296808,0.2181372549019608,10000,14471.031862745098
66,179,4669.36312849162,10000,0,51,0,26.08582753347273,0.2849162011173184,10000,14669.36312849162
16,145,7260.641379310345,10000,0,59,0,50.07338882282996,0.4068965517241379,10000,17260.641379310346
714,3,4210.333333333333,10000,0,2,0,1403.4444444444443,0.6666666666666666,10000,14210.333333333332
52,25,8200.0,10000,0,18,0,328.0,0.72,10000,18200.0
671,373,6017.485254691689,10000,0,125,0,16.132668243141257,0.3351206434316354,10000,16017.485254691688
616,112,4855.026785714285,10000,0,48,0,43.348453443877546,0.4285714285714285,10000,14855.026785714286
253,431,3744.8677494199537,10000,0,71,0,8.68878828171683,0.1647331786542923,10000,13744.867749419956
171,149,5926.939597315436,10000,0,44,0,39.77811810278816,0.2953020134228188,10000,15926.939597315435
304,482,3872.863070539419,10000,0,124,0,8.034985623525765,0.2572614107883817,10000,13872.86307053942
353,388,5235.087628865979,10000,0,117,0,13.492493888829843,0.3015463917525773,10000,15235.087628865978
480,216,5427.305555555556,10000,0,106,0,25.12641460905349,0.4907407407407407,10000,15427.305555555557
264,210,2435.1619047619047,10000,0,44,0,11.596009070294784,0.2095238095238095,10000,12435.161904761904
634,262,5306.931297709924,10000,0,78,0,20.25546296835849,0.2977099236641221,10000,15306.931297709923
688,432,4288.488425925926,10000,0,75,0,9.9270565414952,0.1736111111111111,10000,14288.488425925929
54,54,4959.722222222223,10000,0,20,0,91.84670781893004,0.3703703703703703,10000,14959.722222222224
206,142,6362.978873239436,10000,0,60,0,44.80971037492561,0.4225352112676056,10000,16362.978873239435
612,149,6700.543624161074,10000,0,82,0,44.97009143732264,0.5503355704697986,10000,16700.543624161073
701,346,5464.112716763006,10000,0,110,0,15.792233285442212,0.3179190751445087,10000,15464.112716763006
580,68,4735.529411764706,10000,0,30,0,69.64013840830451,0.4411764705882353,10000,14735.529411764706
590,196,6349.775510204082,10000,0,87,0,32.39681382757185,0.4438775510204081,10000,16349.775510204085
95,136,4522.095588235294,10000,0,35,0,33.250702854671275,0.2573529411764705,10000,14522.095588235294
53,307,4843.456026058632,10000,0,45,0,15.776729726575349,0.1465798045602606,10000,14843.456026058631
35,351,3144.096866096866,10000,0,58,0,8.9575409290509,0.1652421652421652,10000,13144.096866096868
660,587,4296.103918228279,10000,0,114,0,7.318746027646132,0.1942078364565587,10000,14296.10391822828
685,162,6341.308641975309,10000,0,70,0,39.14388050602042,0.4320987654320987,10000,16341.308641975307
713,181,5870.370165745856,10000,0,83,0,32.43298434113733,0.4585635359116022,10000,15870.370165745857
87,86,4048.883720930232,10000,0,21,0,47.08004326663061,0.2441860465116279,10000,14048.883720930233
457,324,4014.777777777778,10000,0,75,0,12.391289437585732,0.2314814814814814,10000,14014.777777777776
343,81,5098.950617283951,10000,0,29,0,62.95000762078952,0.3580246913580246,10000,15098.95061728395
544,104,3158.1153846153848,10000,0,36,0,30.36649408284024,0.3461538461538461,10000,13158.115384615385
657,209,5406.660287081339,10000,0,101,0,25.86918797646574,0.4832535885167464,10000,15406.66028708134
508,123,5267.121951219512,10000,0,59,5,42.82212968471148,0.4796747967479675,10000,15267.121951219511
515,62,7186.370967741936,10000,0,45,0,115.909209157128,0.7258064516129032,10000,17186.370967741936
191,322,3568.478260869565,10000,0,65,0,11.082230623818525,0.201863354037267,10000,13568.478260869564
375,106,3339.622641509434,10000,0,35,0,31.50587397650409,0.330188679245283,10000,13339.622641509432
715,100,7234.74,10000,0,51,0,72.3474,0.51,10000,17234.739999999998
338,202,6570.014851485149,10000,0,89,0,32.52482599745123,0.4405940594059406,10000,16570.01485148515
727,339,3999.749262536873,10000,0,71,0,11.798670390964228,0.2094395280235988,10000,13999.749262536872
125,339,3648.525073746313,10000,0,93,0,10.762610837009772,0.2743362831858407,10000,13648.525073746314
167,22,5391.727272727273,10000,0,7,0,245.07851239669424,0.3181818181818182,10000,15391.727272727272
25,199,6581.517587939698,10000,0,82,0,33.07295270321457,0.4120603015075377,10000,16581.5175879397
160,52,2933.423076923077,10000,0,21,0,56.41198224852072,0.4038461538461538,10000,12933.423076923078
3,107,6474.448598130841,10000,0,66,3,60.50886540309197,0.616822429906542,10000,16474.44859813084
509,258,5047.635658914729,10000,0,91,0,19.564479298119103,0.3527131782945736,10000,15047.635658914727
640,141,5524.95744680851,10000,0,69,0,39.18409536743624,0.4893617021276595,10000,15524.95744680851
137,285,6136.428070175439,10000,0,108,0,21.53132656201908,0.3789473684210526,10000,16136.42807017544
176,34,4722.382352941177,10000,0,11,0,138.89359861591697,0.3235294117647059,10000,14722.382352941177
302,199,6282.035175879397,10000,0,62,0,31.568015959192948,0.3115577889447236,10000,16282.035175879397
447,178,5213.460674157303,10000,0,72,0,29.289104910996087,0.4044943820224719,10000,15213.460674157304
120,198,5373.515151515152,10000,0,64,0,27.138965411692688,0.3232323232323232,10000,15373.515151515152
58,67,5473.2835820895525,10000,0,28,0,81.69079973267989,0.417910447761194,10000,15473.283582089553
533,2,5500.0,10000,1000,2,0,2750.0,1.0,9000,16500.0
605,437,5756.716247139588,10000,0,89,0,13.173263723431551,0.2036613272311213,10000,15756.716247139588
484,73,3387.2602739726026,10000,0,18,0,46.40082567085757,0.2465753424657534,10000,13387.260273972604
387,263,4586.102661596959,10000,0,87,0,17.437652705691857,0.3307984790874524,10000,14586.10266159696
366,261,4370.386973180077,10000,0,76,0,16.744777675019453,0.2911877394636015,10000,14370.386973180077
557,258,3379.1821705426355,10000,0,79,0,13.097605312180756,0.3062015503875969,10000,13379.182170542636
100,131,6224.595419847328,10000,0,61,0,47.51599557135365,0.465648854961832,10000,16224.595419847328
427,165,5770.218181818182,10000,0,64,0,34.97101928374656,0.3878787878787879,10000,15770.218181818182
363,99,4470.181818181818,10000,0,46,0,45.15335169880624,0.4646464646464646,10000,14470.181818181818
558,154,4345.168831168831,10000,0,41,0,28.215382020576826,0.2662337662337662,10000,14345.16883116883
327,205,5575.892682926829,10000,0,72,14,27.199476502082096,0.3512195121951219,10000,15575.89268292683
536,85,6167.2235294117645,10000,0,39,0,72.55557093425605,0.4588235294117647,10000,16167.223529411764
608,121,5091.809917355372,10000,0,48,67,42.08107369715184,0.396694214876033,10000,15091.809917355373
687,416,5037.1682692307695,10000,0,98,0,12.108577570266274,0.235576923076923,10000,15037.16826923077
594,7,5840.857142857143,8666,1000,2,0,834.4081632653061,0.2857142857142857,7666,15506.857142857143
516,75,4169.253333333333,10000,0,6,0,55.590044444444445,0.08,10000,14169.253333333334
374,249,6826.497991967872,10000,0,119,0,27.415654586216352,0.4779116465863454,10000,16826.497991967874
655,69,939.608695652174,10000,0,38,0,13.617517328292376,0.5507246376811594,10000,10939.608695652174
417,140,3728.7,10000,0,41,0,26.63357142857143,0.2928571428571428,10000,13728.7
534,190,6104.373684210526,10000,0,52,0,32.128282548476456,0.2736842105263158,10000,16104.373684210526
444,283,5331.805653710248,10000,0,64,0,18.840302663287098,0.2261484098939929,10000,15331.80565371025
255,151,6800.933774834437,10000,0,59,0,45.03929652208237,0.390728476821192,10000,16800.933774834437
582,177,4894.5197740113,10000,0,71,0,27.65265409045932,0.4011299435028249,10000,14894.5197740113
734,265,5551.030188679245,10000,0,72,0,20.94728373086508,0.2716981132075471,10000,15551.030188679244
74,25,3845.68,10000,0,5,0,153.8272,0.2,10000,13845.68
281,309,4752.647249190939,10000,0,96,0,15.380735434274884,0.3106796116504854,10000,14752.64724919094
334,274,3752.0401459854015,10000,0,59,0,13.693577175129205,0.2153284671532846,10000,13752.040145985402
647,156,3254.871794871795,10000,0,42,0,20.86456278763971,0.2692307692307692,10000,13254.871794871797
5,179,4673.3575418994415,10000,0,60,1,26.10814269217565,0.3351955307262569,10000,14673.35754189944
31,418,5342.047846889952,10000,0,107,0,12.780018772464,0.2559808612440191,10000,15342.047846889953
56,215,3409.0976744186046,10000,0,54,0,15.85626825310979,0.2511627906976744,10000,13409.097674418605
385,407,3812.1253071253072,10000,0,73,127,9.366401246008126,0.1793611793611793,10000,13812.125307125309
294,144,6277.777777777777,10000,0,86,0,43.59567901234568,0.5972222222222222,10000,16277.777777777776
637,132,8105.931818181818,10000,0,88,0,61.40857438016529,0.6666666666666666,10000,18105.931818181816
218,115,5444.278260869565,10000,0,65,0,47.34155009451796,0.5652173913043478,10000,15444.278260869563
702,68,6595.279411764706,10000,0,41,0,96.98940311418686,0.6029411764705882,10000,16595.279411764706
730,217,4491.023041474655,10000,0,82,0,20.695958716473065,0.3778801843317972,10000,14491.023041474657
646,694,4848.322766570605,10000,0,116,0,6.986055859611823,0.1671469740634005,10000,14848.322766570604
639,97,4634.752577319588,10000,0,41,0,47.78095440535658,0.422680412371134,10000,14634.752577319588
293,330,3951.3,10000,0,107,0,11.973636363636365,0.3242424242424242,10000,13951.3
246,243,3668.786008230453,10000,0,71,0,15.097884807532727,0.2921810699588477,10000,13668.786008230452
236,235,3342.493617021277,10000,0,86,0,14.22337709370756,0.3659574468085106,10000,13342.493617021277
11,206,5748.398058252427,10000,0,51,0,27.904844942972947,0.2475728155339805,10000,15748.398058252427
532,283,6778.342756183745,10000,0,102,0,23.951741187928427,0.3604240282685512,10000,16778.342756183745
461,282,5350.290780141844,10000,0,72,0,18.97266234092853,0.2553191489361702,10000,15350.290780141844
429,204,5523.799019607844,10000,0,71,0,27.077446174548253,0.3480392156862745,10000,15523.799019607844
696,39,5185.846153846154,10000,0,15,0,132.97041420118344,0.3846153846153846,10000,15185.846153846154
724,141,6283.539007092199,10000,0,82,0,44.56410643327801,0.5815602836879432,10000,16283.5390070922
135,217,6618.73732718894,10000,0,101,0,30.50109367368175,0.4654377880184331,10000,16618.73732718894
247,244,5637.995901639344,10000,0,95,0,23.10654058048912,0.3893442622950819,10000,15637.995901639344
488,38,5882.131578947368,10000,0,23,0,154.79293628808864,0.6052631578947368,10000,15882.131578947368
40,195,6179.446153846154,10000,0,80,0,31.6894674556213,0.4102564102564102,10000,16179.446153846156
308,149,6047.731543624161,10000,0,69,0,40.58880230620242,0.4630872483221476,10000,16047.73154362416
398,57,1403.508771929825,10000,0,20,0,24.62296091104956,0.3508771929824561,10000,11403.508771929824
225,88,4453.522727272727,10000,0,17,0,50.60821280991736,0.1931818181818181,10000,14453.522727272728
357,135,3856.785185185185,10000,0,53,0,28.56877914951989,0.3925925925925926,10000,13856.785185185185
139,154,3791.019480519481,10000,0,55,0,24.617009613762864,0.3571428571428571,10000,13791.01948051948
27,696,4443.607758620689,10000,0,115,0,6.3844939060642085,0.1652298850574712,10000,14443.607758620688
149,46,5652.173913043478,10000,0,24,0,122.87334593572778,0.5217391304347826,10000,15652.173913043478
437,242,5914.512396694215,10000,0,105,0,24.44013387063725,0.4338842975206611,10000,15914.512396694216
256,99,4737.515151515152,10000,0,45,0,47.85368839914295,0.4545454545454545,10000,14737.515151515152
448,129,3884.046511627907,10000,0,39,0,30.10888768703804,0.3023255813953488,10000,13884.046511627908
224,451,4649.611973392462,10000,0,111,0,10.309560916612996,0.2461197339246119,10000,14649.61197339246
163,156,5756.089743589743,10000,0,63,53,36.89801117685733,0.4038461538461538,10000,15756.089743589742
339,7,0.0,0,0,1,0,0.0,0.1428571428571428,0,0.0
754,51,3137.2549019607845,10000,0,16,0,61.51480199923107,0.3137254901960784,10000,13137.254901960783
12,260,5460.038461538462,10000,0,90,0,21.000147928994085,0.3461538461538461,10000,15460.03846153846
104,2,0.0,0,0,1,0,0.0,0.5,0,0.0
207,307,6455.664495114007,10000,0,117,0,21.028223111120543,0.3811074918566775,10000,16455.664495114008
742,280,5509.028571428571,10000,0,118,0,19.675102040816324,0.4214285714285714,10000,15509.028571428573
330,231,5913.56277056277,10000,0,74,0,25.599838833605062,0.3203463203463203,10000,15913.56277056277
428,233,5594.416309012876,10000,0,83,0,24.010370424947965,0.3562231759656652,10000,15594.416309012877
638,457,3883.522975929978,10000,0,105,0,8.4978620917505,0.2297592997811816,10000,13883.522975929978
346,692,4025.241329479769,10000,0,100,0,5.816822730462094,0.1445086705202312,10000,14025.24132947977
262,489,4677.613496932516,10000,0,133,0,9.56567177286813,0.2719836400817996,10000,14677.613496932516
442,43,4860.860465116279,10000,0,24,0,113.04326663061111,0.5581395348837209,10000,14860.86046511628
617,343,4578.8221574344025,10000,0,110,0,13.349335735960356,0.3206997084548105,10000,14578.822157434402
303,276,6312.673913043478,10000,0,75,0,22.87200693131695,0.2717391304347826,10000,16312.673913043478
545,206,5379.859223300971,10000,0,74,0,26.11582147233481,0.3592233009708738,10000,15379.859223300971
643,45,5344.155555555555,10000,0,25,0,118.759012345679,0.5555555555555556,10000,15344.155555555555
189,278,6299.025179856115,10000,0,117,0,22.65836395631696,0.420863309352518,10000,16299.025179856117
432,23,5500.0,10000,0,13,0,239.1304347826087,0.5652173913043478,10000,15500.0
434,88,6931.75,10000,0,42,0,78.76988636363636,0.4772727272727273,10000,16931.75
510,833,2771.621848739496,10000,0,109,0,3.3272771293391306,0.1308523409363745,10000,12771.621848739496
242,142,5157.24647887324,10000,0,61,0,36.31863717516367,0.4295774647887324,10000,15157.24647887324
737,263,6350.71102661597,10000,0,66,0,24.14719021526985,0.2509505703422053,10000,16350.711026615969
542,250,5899.524,10000,0,105,0,23.598096,0.42,10000,15899.524
73,3,2600.333333333333,4230,0,2,0,866.7777777777777,0.6666666666666666,4230,6830.333333333333
680,1,0.0,0,0,1,0,0.0,1.0,0,0.0
105,291,4519.560137457044,10000,0,91,0,15.531134492979533,0.3127147766323024,10000,14519.560137457043
300,232,6293.366379310345,10000,0,105,0,27.12657922116528,0.4525862068965517,10000,16293.366379310344
482,319,5299.949843260188,10000,0,92,0,16.61426283153664,0.2884012539184953,10000,15299.949843260189
59,216,6307.388888888889,10000,0,74,0,29.200874485596707,0.3425925925925926,10000,16307.388888888889
259,360,5202.511111111111,10000,0,113,0,14.45141975308642,0.3138888888888889,10000,15202.511111111113
422,331,4501.7643504531725,10000,0,110,0,13.60049652704886,0.3323262839879154,10000,14501.764350453172
342,262,4987.339694656489,10000,0,97,0,19.035647689528584,0.3702290076335878,10000,14987.33969465649
117,425,5176.411764705882,10000,0,111,0,12.179792387543252,0.2611764705882353,10000,15176.41176470588
237,150,7673.32,10000,0,107,0,51.15546666666666,0.7133333333333334,10000,17673.32
725,230,6438.565217391304,10000,0,102,0,27.9937618147448,0.4434782608695652,10000,16438.565217391304
418,225,4506.857777777778,10000,0,75,0,20.03047901234568,0.3333333333333333,10000,14506.85777777778
642,148,5242.256756756757,10000,0,51,0,35.42065376186998,0.3445945945945945,10000,15242.256756756757
382,122,4536.278688524591,10000,0,38,0,37.18261220102124,0.3114754098360656,10000,14536.278688524591
221,96,6185.145833333333,10000,0,46,0,64.42860243055556,0.4791666666666667,10000,16185.145833333332
57,51,5784.313725490196,10000,0,25,0,113.41791618608228,0.4901960784313725,10000,15784.313725490196
424,111,6652.054054054054,10000,0,62,0,59.92841490138788,0.5585585585585585,10000,16652.054054054053
745,95,3226.315789473684,10000,0,27,0,33.961218836565095,0.2842105263157894,10000,13226.315789473683
602,90,7330.555555555556,10000,0,40,0,81.45061728395062,0.4444444444444444,10000,17330.555555555555
282,4,4356.0,10000,1212,3,0,1089.0,0.75,8788,15568.0
142,12,1999.75,5777,0,1,0,166.64583333333334,0.0833333333333333,5777,7776.75
610,233,6098.214592274678,10000,0,104,0,26.17259481662952,0.4463519313304721,10000,16098.21459227468
290,141,7393.248226950354,10000,0,76,59,52.43438458830038,0.5390070921985816,10000,17393.248226950353
402,738,3604.070460704607,10000,0,114,0,4.883564309897841,0.1544715447154471,10000,13604.070460704606
483,316,6290.477848101265,10000,0,106,0,19.90657546867489,0.3354430379746835,10000,16290.477848101264
91,5,5429.4,10000,833,4,0,1085.88,0.8,9167,16262.4
121,301,6417.840531561462,10000,0,80,0,21.32172934073576,0.26578073089701,10000,16417.840531561462
70,144,5757.472222222223,10000,0,82,0,39.98244598765432,0.5694444444444444,10000,15757.472222222224
676,337,5263.385756676558,10000,0,78,0,15.618355361058036,0.2314540059347181,10000,15263.385756676558
750,250,5564.424,10000,0,89,0,22.257696,0.356,10000,15564.424
476,397,5078.811083123425,10000,0,131,0,12.792975020462029,0.3299748110831234,10000,15078.811083123426
674,181,6427.707182320442,10000,0,66,0,35.51219437746101,0.3646408839779005,10000,16427.707182320442
122,19,5789.473684210527,10000,0,12,0,304.7091412742382,0.631578947368421,10000,15789.473684210529
82,80,2923.35,10000,0,17,0,36.541875,0.2125,10000,12923.35
321,30,3666.6666666666665,10000,0,13,0,122.2222222222222,0.4333333333333333,10000,13666.666666666666
400,93,7525.172043010752,10000,0,59,0,80.91582841947044,0.6344086021505376,10000,17525.172043010753
252,365,5447.52602739726,10000,0,111,0,14.924728842184274,0.3041095890410959,10000,15447.52602739726
323,279,5257.52329749104,10000,0,85,0,18.844169525057488,0.3046594982078853,10000,15257.52329749104
271,19,4526.315789473684,10000,0,10,0,238.2271468144044,0.5263157894736842,10000,14526.315789473683
459,141,7293.248226950354,10000,0,92,0,51.72516473014436,0.6524822695035462,10000,17293.248226950353
606,125,5761.984,10000,0,47,4,46.095872,0.376,10000,15761.984
631,333,5771.171171171171,10000,0,115,0,17.330844357871385,0.3453453453453453,10000,15771.171171171172
682,531,4284.843691148776,10000,0,104,0,8.069385482389409,0.1958568738229755,10000,14284.843691148775
178,218,5554.963302752293,10000,0,61,95,25.48148304014813,0.2798165137614679,10000,15554.963302752294
312,368,4220.057065217391,10000,0,77,34,11.467546372873343,0.2092391304347826,10000,14220.057065217392
239,243,6311.6954732510285,10000,0,75,0,25.97405544547748,0.3086419753086419,10000,16311.695473251028
174,9,285.55555555555554,857,0,2,0,31.728395061728392,0.2222222222222222,857,1142.5555555555557
615,228,6337.109649122807,10000,0,78,0,27.794340566328103,0.3421052631578947,10000,16337.109649122807
630,12,5824.0,10000,0,2,0,485.3333333333333,0.1666666666666666,10000,15824.0
479,283,5857.501766784452,10000,0,120,0,20.697886101711845,0.4240282685512367,10000,15857.501766784451
739,31,6741.935483870968,10000,0,19,15,217.48178980228928,0.6129032258064516,10000,16741.93548387097
686,225,4400.457777777778,10000,0,59,0,19.55759012345679,0.2622222222222222,10000,14400.457777777778
522,396,5656.962121212121,10000,0,119,0,14.285257881848793,0.3005050505050505,10000,15656.96212121212
115,285,5777.298245614035,10000,0,125,0,20.271221914435213,0.4385964912280701,10000,15777.298245614034
380,294,4702.71768707483,10000,0,95,0,15.995638391410989,0.3231292517006803,10000,14702.71768707483
645,2,5625.0,10000,1250,2,0,2812.5,1.0,8750,16875.0
245,187,6232.07486631016,10000,0,82,0,33.326603563155935,0.4385026737967914,10000,16232.07486631016
466,363,4839.333333333333,10000,0,104,0,13.33149678604224,0.2865013774104683,10000,14839.333333333332
679,191,5347.062827225131,10000,0,62,0,27.995093336257227,0.3246073298429319,10000,15347.06282722513
96,52,6942.307692307692,10000,0,34,0,133.50591715976333,0.6538461538461539,10000,16942.30769230769
215,36,3118.027777777778,10000,0,9,0,86.61188271604938,0.25,10000,13118.027777777776
481,194,4868.865979381443,10000,0,65,0,25.09724731639919,0.3350515463917525,10000,14868.865979381444
123,151,7984.986754966887,10000,0,98,0,52.88070698653568,0.6490066225165563,10000,17984.986754966885
390,261,5779.333333333333,10000,0,111,0,22.143039591315453,0.425287356321839,10000,15779.333333333332
22,214,5104.415887850468,10000,0,71,0,23.85241069089004,0.3317757009345794,10000,15104.415887850468
538,247,6292.068825910931,10000,0,74,0,25.473962857939,0.2995951417004048,10000,16292.06882591093
446,44,4772.727272727273,10000,0,22,0,108.47107438016528,0.5,10000,14772.727272727272
669,228,5401.399122807017,10000,0,104,0,23.69034702985534,0.4561403508771929,10000,15401.399122807015
228,143,6621.55944055944,10000,0,71,0,46.30461147244364,0.4965034965034965,10000,16621.55944055944
373,302,5238.824503311258,10000,0,103,0,17.347101004341916,0.3410596026490066,10000,15238.824503311258
292,152,6226.565789473684,10000,0,62,0,40.96424861495845,0.4078947368421052,10000,16226.565789473683
412,226,6430.331858407079,10000,0,98,0,28.452795833659643,0.4336283185840708,10000,16430.33185840708
568,124,7640.193548387097,10000,0,50,0,61.61446409989594,0.4032258064516129,10000,17640.1935483871
463,23,3695.652173913044,10000,0,13,0,160.68052930056712,0.5652173913043478,10000,13695.652173913044
433,193,4614.077720207254,10000,0,73,0,23.90713844666971,0.3782383419689119,10000,14614.077720207251
285,61,5595.573770491803,10000,0,31,0,91.73071754904596,0.5081967213114754,10000,15595.573770491805
68,200,5469.19,10000,0,101,0,27.34595,0.505,10000,15469.19
458,225,5508.595555555556,10000,0,105,0,24.482646913580247,0.4666666666666667,10000,15508.595555555556
204,129,5928.100775193799,10000,0,42,0,45.95426957514572,0.3255813953488372,10000,15928.100775193798
450,122,5106.44262295082,10000,0,67,0,41.85608707336738,0.5491803278688525,10000,15106.44262295082
350,110,6827.881818181818,10000,0,54,0,62.07165289256198,0.4909090909090909,10000,16827.881818181817
30,158,4501.177215189873,10000,0,45,0,28.48846338727768,0.2848101265822785,10000,14501.177215189871
41,189,5119.084656084656,10000,0,57,0,27.08510400044792,0.3015873015873015,10000,15119.084656084657
574,1,6857.0,6857,6857,1,0,6857.0,1.0,0,20571.0
436,117,6912.820512820513,10000,0,47,0,59.08393600701293,0.4017094017094017,10000,16912.82051282051
114,83,2216.867469879518,10000,0,19,0,26.70924662505444,0.2289156626506024,10000,12216.867469879518
6,364,4876.054945054945,10000,0,77,0,13.39575534355754,0.2115384615384615,10000,14876.054945054944
659,129,5884.705426356589,10000,0,63,0,45.6178715221441,0.4883720930232558,10000,15884.705426356588
658,307,4777.596091205211,10000,0,77,0,15.562202251482772,0.250814332247557,10000,14777.59609120521
456,406,4595.926108374384,10000,0,100,0,11.320015045257104,0.2463054187192118,10000,14595.926108374384
131,222,4872.036036036036,10000,0,96,0,21.9461082704326,0.4324324324324324,10000,14872.036036036036
94,229,4869.248908296943,10000,0,83,24,21.263095669418966,0.3624454148471616,10000,14869.248908296944
376,13,4685.384615384615,10000,0,1,0,360.414201183432,0.0769230769230769,10000,14685.384615384615
531,404,4770.158415841584,10000,0,105,0,11.80732281148907,0.2599009900990099,10000,14770.158415841584
159,44,7975.977272727273,10000,0,28,0,181.27221074380165,0.6363636363636364,10000,17975.977272727272
588,206,6009.218446601942,10000,0,89,0,29.17096333301913,0.4320388349514563,10000,16009.218446601944
741,433,5467.96766743649,10000,0,118,0,12.628100848583118,0.2725173210161662,10000,15467.96766743649
684,345,5340.878260869566,10000,0,79,39,15.480806553245118,0.2289855072463768,10000,15340.878260869566
244,11,6211.454545454545,10000,0,5,0,564.6776859504132,0.4545454545454545,10000,16211.454545454544
431,78,4396.0,10000,0,38,0,56.35897435897436,0.4871794871794871,10000,14396.0
0,147,5504.149659863946,10000,0,46,0,37.44319496506085,0.3129251700680272,10000,15504.149659863946
190,462,6235.632034632034,10000,0,111,0,13.497039036000077,0.2402597402597402,10000,16235.632034632035
573,72,3115.333333333333,10000,0,24,0,43.26851851851851,0.3333333333333333,10000,13115.333333333332
250,291,6057.848797250859,10000,0,103,0,20.81734981873148,0.3539518900343643,10000,16057.84879725086
747,13,6296.692307692308,10000,0,7,0,484.3609467455621,0.5384615384615384,10000,16296.692307692309
473,256,2867.1875,10000,0,58,0,11.199951171875,0.2265625,10000,12867.1875
405,296,5939.827702702703,10000,0,112,0,20.06698548210373,0.3783783783783784,10000,15939.827702702703
585,35,3142.8571428571427,10000,0,11,0,89.79591836734693,0.3142857142857143,10000,13142.857142857143
128,178,5217.421348314607,10000,0,47,0,29.311355889407903,0.2640449438202247,10000,15217.421348314609
220,46,5436.434782608696,10000,0,24,0,118.18336483931948,0.5217391304347826,10000,15436.434782608696
144,55,6676.636363636364,10000,0,24,0,121.39338842975208,0.4363636363636363,10000,16676.636363636364
555,269,4541.802973977695,10000,0,87,50,16.884025925567638,0.3234200743494423,10000,14541.802973977694
700,48,4700.395833333333,10000,0,26,0,97.92491319444444,0.5416666666666666,10000,14700.395833333332
735,183,6858.196721311476,10000,0,105,2,37.47648481590971,0.5737704918032787,10000,16858.196721311477
408,119,5888.731092436975,10000,0,58,0,49.48513523056281,0.4873949579831932,10000,15888.731092436974
106,62,6762.080645161291,10000,0,36,7,109.06581685744015,0.5806451612903226,10000,16762.08064516129
187,188,5180.601063829788,10000,0,54,0,27.556388637392487,0.2872340425531915,10000,15180.601063829788
210,25,4591.72,10000,0,6,0,183.6688,0.24,10000,14591.72
578,201,6712.049751243781,10000,0,98,0,33.39328234449643,0.4875621890547263,10000,16712.04975124378
577,280,5974.578571428571,10000,0,76,0,21.3377806122449,0.2714285714285714,10000,15974.57857142857
454,329,4639.960486322188,10000,0,106,0,14.103223362681424,0.3221884498480243,10000,14639.960486322188
211,216,6009.726851851852,10000,0,63,0,27.82280949931413,0.2916666666666667,10000,16009.726851851852
493,89,7272.314606741573,10000,0,58,11,81.711400075748,0.651685393258427,10000,17272.314606741573
499,89,3902.8988764044943,10000,0,30,0,43.85279636409544,0.3370786516853932,10000,13902.898876404495
219,281,5798.786476868328,10000,0,75,0,20.6362508073606,0.2669039145907473,10000,15798.786476868328
208,224,5478.598214285715,10000,0,90,0,24.45802774234694,0.4017857142857143,10000,15478.598214285714
93,314,5345.977707006369,10000,0,113,0,17.025406710211367,0.3598726114649681,10000,15345.977707006368
177,46,6903.608695652174,10000,0,24,0,150.07844990548205,0.5217391304347826,10000,16903.608695652176
216,250,4984.584,10000,0,94,0,19.938336,0.376,10000,14984.584
251,242,3008.5,10000,0,46,0,12.431818181818182,0.1900826446280991,10000,13008.5
258,496,5203.566532258064,10000,0,145,19,10.491061556971903,0.2923387096774194,10000,15203.566532258064
83,10,3754.5,10000,1153,3,0,375.45,0.3,8847,14907.5
101,364,5305.1510989010985,10000,0,104,0,14.574590931046972,0.2857142857142857,10000,15305.1510989011
517,131,6376.038167938931,10000,0,65,0,48.672047083503294,0.4961832061068702,10000,16376.038167938932
579,191,6141.623036649215,10000,0,101,0,32.1550944327184,0.5287958115183246,10000,16141.623036649216
435,148,7057.358108108108,10000,0,61,0,47.68485208181154,0.4121621621621621,10000,17057.358108108107
243,108,7267.638888888889,10000,0,77,0,67.29295267489712,0.7129629629629629,10000,17267.63888888889
629,156,5100.948717948718,10000,0,38,0,32.69838921761998,0.2435897435897435,10000,15100.94871794872
675,3,0.0,0,0,1,0,0.0,0.3333333333333333,0,0.0
213,20,6831.25,10000,0,10,0,341.5625,0.5,10000,16831.25
490,137,6046.525547445255,10000,0,59,0,44.13522297405296,0.4306569343065693,10000,16046.525547445255
392,53,6283.018867924528,10000,0,26,0,118.54752580989675,0.490566037735849,10000,16283.01886792453
182,169,4866.189349112426,10000,0,63,0,28.794019817233288,0.3727810650887574,10000,14866.189349112425
717,220,5718.822727272727,10000,0,81,0,25.994648760330577,0.3681818181818181,10000,15718.822727272727
732,175,5266.845714285714,10000,0,67,0,30.0962612244898,0.3828571428571428,10000,15266.845714285717
395,37,4378.378378378378,10000,0,18,0,118.3345507669832,0.4864864864864865,10000,14378.378378378378
410,138,5686.855072463768,10000,0,45,0,41.20909472799832,0.3260869565217391,10000,15686.855072463768
757,357,4785.224089635854,10000,0,104,0,13.403989046599031,0.2913165266106443,10000,14785.224089635854
315,231,5229.705627705628,10000,0,63,0,22.639418301755967,0.2727272727272727,10000,15229.705627705627
184,120,6594.683333333333,10000,0,54,0,54.95569444444445,0.45,10000,16594.683333333334
368,183,4600.825136612022,10000,0,80,0,25.141120965093016,0.4371584699453552,10000,14600.825136612022
284,573,3937.7260034904016,10000,0,96,41,6.872122170140317,0.1675392670157068,10000,13937.7260034904
365,302,5811.576158940397,10000,0,104,0,19.24362966536556,0.3443708609271523,10000,15811.576158940396
597,3,3826.6666666666665,4074,3703,1,0,1275.5555555555554,0.3333333333333333,371,11603.666666666666
668,9,9000.0,10000,5000,6,0,1000.0,0.6666666666666666,5000,24000.0
33,235,4316.293617021277,10000,0,73,18,18.367206880941605,0.3106382978723404,10000,14316.293617021278
413,400,5093.01,10000,0,133,0,12.732525,0.3325,10000,15093.01
326,95,7486.515789473684,10000,0,51,0,78.80542936288089,0.5368421052631579,10000,17486.515789473684
267,8,1406.25,10000,0,2,0,175.78125,0.25,10000,11406.25
32,41,5206.365853658536,10000,0,21,0,126.98453301606186,0.5121951219512195,10000,15206.365853658535
341,222,5166.387387387387,10000,0,87,0,23.272015258501742,0.3918918918918919,10000,15166.387387387387
384,198,5650.232323232323,10000,0,71,0,28.53652688501173,0.3585858585858585,10000,15650.232323232323
423,2,10000.0,10000,10000,2,0,5000.0,1.0,0,30000.0
439,143,6921.293706293706,10000,0,61,0,48.400655288767176,0.4265734265734265,10000,16921.293706293705
438,196,2331.4591836734694,10000,0,29,0,11.895199916701374,0.1479591836734693,10000,12331.459183673467
147,170,7297.094117647059,10000,0,110,0,42.9240830449827,0.6470588235294118,10000,17297.09411764706
648,244,5593.55737704918,10000,0,98,0,22.924415479709754,0.4016393442622951,10000,15593.55737704918
462,223,6235.340807174888,10000,0,70,0,27.961169538900844,0.3139013452914798,10000,16235.340807174887
667,244,6048.213114754099,10000,0,109,0,24.787758667024995,0.4467213114754098,10000,16048.2131147541
752,192,6313.442708333333,10000,0,91,0,32.88251410590278,0.4739583333333333,10000,16313.442708333332
63,76,3197.368421052632,10000,0,19,0,42.07063711911358,0.25,10000,13197.368421052632
497,115,5800.730434782608,10000,0,59,0,50.44113421550095,0.5130434782608696,10000,15800.730434782608
196,358,4043.31843575419,10000,0,102,0,11.294185574732374,0.2849162011173184,10000,14043.31843575419
406,125,5877.864,10000,0,44,0,47.022912,0.352,10000,15877.864
548,355,3502.5859154929576,10000,0,59,0,9.866439198571712,0.1661971830985915,10000,13502.585915492957
506,119,4571.235294117647,10000,0,31,0,38.41374196737518,0.2605042016806723,10000,14571.235294117649
108,243,5654.078189300411,10000,0,93,0,23.26781147860252,0.382716049382716,10000,15654.078189300411
289,104,4867.038461538462,10000,0,32,0,46.79844674556213,0.3076923076923077,10000,14867.03846153846
79,48,5604.166666666667,10000,0,26,0,116.75347222222224,0.5416666666666666,10000,15604.166666666668
404,1,0.0,0,0,1,0,0.0,1.0,0,0.0
452,322,4759.310559006211,10000,0,92,0,14.780467574553452,0.2857142857142857,10000,14759.310559006211
709,206,4247.844660194175,10000,0,44,0,20.620605146573663,0.2135922330097087,10000,14247.844660194176
690,249,5050.068273092369,10000,0,81,0,20.28139868711795,0.3253012048192771,10000,15050.068273092367
232,236,5304.6949152542375,10000,0,47,0,22.477520827348464,0.1991525423728813,10000,15304.694915254237
42,280,4132.303571428572,10000,0,66,0,14.758227040816328,0.2357142857142857,10000,14132.303571428572
691,286,5956.20979020979,10000,0,97,0,20.82590835737689,0.3391608391608391,10000,15956.20979020979
39,246,4425.292682926829,10000,0,64,0,17.98899464604402,0.2601626016260163,10000,14425.292682926827
566,407,3627.7395577395578,10000,0,110,0,8.9133650067311,0.2702702702702703,10000,13627.739557739558
570,134,3380.208955223881,10000,0,49,0,25.22543996435732,0.3656716417910448,10000,13380.20895522388
492,3,0.0,0,0,2,0,0.0,0.6666666666666666,0,0.0
611,229,6195.161572052401,10000,0,104,0,27.05310730153887,0.4541484716157205,10000,16195.161572052402
364,136,5778.529411764706,10000,0,63,0,42.48918685121107,0.4632352941176471,10000,15778.529411764706
721,133,6367.541353383459,10000,0,62,0,47.87625077731924,0.4661654135338345,10000,16367.541353383458
88,174,5716.718390804598,10000,0,59,0,32.85470339542872,0.3390804597701149,10000,15716.7183908046
607,166,5858.457831325301,10000,0,59,0,35.29191464653796,0.3554216867469879,10000,15858.4578313253
333,239,5660.443514644351,10000,0,95,0,23.68386407800984,0.3974895397489539,10000,15660.44351464435
627,468,4887.497863247863,10000,0,103,0,10.443371502666375,0.22008547008547,10000,14887.497863247863
361,174,6619.005747126437,10000,0,104,0,38.04026291451975,0.5977011494252874,10000,16619.005747126437
158,151,3756.947019867549,10000,0,37,0,24.880443840182444,0.2450331125827814,10000,13756.947019867548
393,97,5628.835051546392,10000,0,48,13,58.02922733552981,0.4948453608247423,10000,15628.835051546392
77,145,5809.393103448276,10000,0,61,0,40.06478002378121,0.4206896551724138,10000,15809.393103448276
47,367,4382.089918256131,10000,0,99,0,11.940299504785097,0.2697547683923705,10000,14382.08991825613
203,362,5577.14364640884,10000,0,107,0,15.406474161350388,0.2955801104972376,10000,15577.14364640884
314,328,4765.161585365854,10000,0,108,8,14.527931662700777,0.3292682926829268,10000,14765.161585365857
370,201,6291.26368159204,10000,0,94,0,31.299819311403184,0.4676616915422885,10000,16291.26368159204
102,163,5293.950920245399,10000,0,50,0,32.478226504573,0.3067484662576687,10000,15293.9509202454
632,210,6604.204761904762,10000,0,85,0,31.448594104308388,0.4047619047619047,10000,16604.204761904763
21,35,6285.714285714285,10000,0,21,0,179.59183673469386,0.6,10000,16285.714285714286
320,186,3957.720430107527,10000,0,50,0,21.27806682853509,0.2688172043010752,10000,13957.720430107527
64,233,5507.733905579399,10000,0,63,36,23.63834294240085,0.2703862660944206,10000,15507.7339055794
527,188,3801.845744680851,10000,0,64,0,20.2225837483024,0.3404255319148936,10000,13801.845744680852
61,560,2561.176785714286,10000,0,104,0,4.573529974489796,0.1857142857142857,10000,12561.176785714286
99,87,3544.057471264368,10000,0,29,0,40.73629277315366,0.3333333333333333,10000,13544.057471264368
260,315,5519.526984126984,10000,0,104,0,17.52230788611741,0.3301587301587301,10000,15519.526984126984
318,279,4441.365591397849,10000,0,43,0,15.918873087447489,0.1541218637992831,10000,14441.36559139785
24,244,5468.86475409836,10000,0,109,0,22.41338013974737,0.4467213114754098,10000,15468.86475409836
654,52,5384.615384615385,10000,0,24,0,103.55029585798816,0.4615384615384615,10000,15384.615384615385
48,178,5188.191011235955,10000,0,70,0,29.147140512561545,0.3932584269662921,10000,15188.191011235956
708,43,5279.023255813953,10000,0,27,0,122.76798269334776,0.627906976744186,10000,15279.023255813954
175,262,6319.423664122138,10000,0,104,0,24.119937649321137,0.3969465648854962,10000,16319.423664122138
18,294,5634.343537414966,10000,0,84,0,19.16443380073117,0.2857142857142857,10000,15634.343537414969
156,311,6013.588424437299,10000,0,119,0,19.33629718468585,0.382636655948553,10000,16013.5884244373
186,414,5319.809178743962,10000,0,120,0,12.849780624985415,0.2898550724637681,10000,15319.809178743964
760,54,4444.444444444444,10000,0,24,0,82.30452674897118,0.4444444444444444,10000,14444.444444444443
707,161,5772.863354037268,10000,0,60,0,35.85629412445508,0.3726708074534161,10000,15772.863354037268
694,414,5062.15458937198,10000,0,92,0,12.227426544376764,0.2222222222222222,10000,15062.15458937198
69,126,5126.753968253968,10000,0,43,0,40.68852355757117,0.3412698412698413,10000,15126.753968253968
523,240,5797.841666666666,10000,0,99,0,24.15767361111111,0.4125,10000,15797.841666666667
194,163,3812.085889570552,10000,0,41,0,23.38702999736535,0.2515337423312883,10000,13812.085889570551
233,208,4499.163461538462,10000,0,45,0,21.63059356508876,0.2163461538461538,10000,14499.16346153846
620,291,5046.831615120275,10000,0,90,0,17.34306396948548,0.3092783505154639,10000,15046.831615120274
403,109,4676.51376146789,10000,0,52,0,42.90379597676963,0.4770642201834862,10000,14676.51376146789
753,83,4977.012048192771,10000,0,33,0,59.96400058063579,0.3975903614457831,10000,14977.01204819277
324,434,5036.995391705069,10000,0,105,0,11.605980165219052,0.2419354838709677,10000,15036.99539170507
372,199,6668.834170854271,10000,0,65,24,33.51172950178026,0.3266331658291457,10000,16668.834170854272
319,153,5079.24183006536,10000,0,53,0,33.19765902003503,0.3464052287581699,10000,15079.24183006536
65,18,5888.277777777777,10000,0,9,5,327.1265432098765,0.5,10000,15888.277777777776
67,244,4559.2827868852455,10000,0,71,22,18.685585192152647,0.290983606557377,10000,14559.282786885246
151,282,3275.851063829787,10000,0,87,0,11.61649313414818,0.3085106382978723,10000,13275.851063829788
80,212,6358.075471698113,10000,0,100,0,29.99092203631185,0.4716981132075472,10000,16358.075471698114
310,327,5881.877675840979,10000,0,55,0,17.98739350410085,0.1681957186544342,10000,15881.87767584098
279,151,5214.87417218543,10000,0,60,0,34.53559054427437,0.3973509933774834,10000,15214.874172185431
421,161,2112.55900621118,10000,0,34,0,13.121484510628449,0.2111801242236025,10000,12112.55900621118
278,222,6156.4324324324325,10000,0,75,0,27.73167762356952,0.3378378378378378,10000,16156.432432432432
672,18,3000.0,10000,0,3,0,166.66666666666666,0.1666666666666666,10000,13000.0
744,63,7043.650793650793,10000,0,47,0,111.80398085159987,0.746031746031746,10000,17043.65079365079
662,145,5532.062068965517,10000,0,55,0,38.152152199762185,0.3793103448275862,10000,15532.062068965515
7,218,6333.536697247707,10000,0,91,0,29.05292062957664,0.4174311926605504,10000,16333.536697247706
199,308,4284.525974025974,10000,0,100,0,13.91079861696745,0.3246753246753247,10000,14284.525974025975
601,203,5197.84236453202,10000,0,64,0,25.605134800650344,0.3152709359605911,10000,15197.84236453202
426,108,4929.888888888889,10000,0,46,0,45.64711934156379,0.4259259259259259,10000,14929.888888888889
575,275,5803.68,10000,0,98,0,21.10429090909091,0.3563636363636364,10000,15803.68
45,276,5594.666666666667,10000,0,91,0,20.270531400966185,0.3297101449275362,10000,15594.666666666668
535,423,4109.033096926714,10000,0,113,0,9.7140262338693,0.2671394799054373,10000,14109.033096926714
188,160,5136.64375,10000,0,51,0,32.104023437500004,0.31875,10000,15136.64375
229,309,6027.883495145631,10000,0,105,0,19.50771357652308,0.3398058252427184,10000,16027.88349514563
272,705,3911.9702127659575,10000,0,123,0,5.548893918816961,0.1744680851063829,10000,13911.970212765958
145,338,5811.852071005917,10000,0,110,0,17.194828612443544,0.3254437869822485,10000,15811.852071005917
477,42,3809.5238095238096,10000,0,16,0,90.702947845805,0.3809523809523809,10000,13809.52380952381
661,255,5569.203921568627,10000,0,89,0,21.8400153787005,0.3490196078431372,10000,15569.203921568627
468,133,6749.390977443609,10000,0,56,0,50.747300582282776,0.4210526315789473,10000,16749.39097744361
425,231,6787.658008658009,10000,0,106,0,29.383800903281426,0.4588744588744589,10000,16787.658008658007
97,243,6258.818930041152,10000,0,70,0,25.756456502226964,0.2880658436213992,10000,16258.818930041152
2,195,5973.753846153846,10000,0,67,0,30.634635108481262,0.3435897435897436,10000,15973.753846153846
241,157,5953.286624203822,10000,0,88,0,37.91902308410077,0.5605095541401274,10000,15953.286624203822
36,171,6892.9064327485385,10000,0,113,0,40.30939434355871,0.6608187134502924,10000,16892.90643274854
354,237,4013.278481012658,10000,0,61,0,16.93366447684666,0.2573839662447257,10000,14013.278481012658
268,264,4658.602272727273,10000,0,67,0,17.64622073002755,0.2537878787878788,10000,14658.602272727272
505,307,5198.986970684039,10000,0,91,0,16.93481097942684,0.2964169381107492,10000,15198.98697068404
600,586,5632.78156996587,10000,0,110,0,9.612255238849608,0.1877133105802047,10000,15632.781569965871
335,285,4315.021052631579,10000,0,77,0,15.140424746075714,0.2701754385964912,10000,14315.02105263158
322,63,5480.301587301588,10000,0,29,0,86.9889140841522,0.4603174603174603,10000,15480.301587301588
397,101,3679.930693069307,10000,0,34,0,36.43495735712185,0.3366336633663366,10000,13679.930693069307
693,4,3481.5,10000,0,2,0,870.375,0.5,10000,13481.5
29,120,5089.925,10000,0,44,0,42.416041666666665,0.3666666666666666,10000,15089.925
283,325,6181.975384615384,10000,0,114,0,19.02146272189349,0.3507692307692308,10000,16181.975384615384
451,451,5412.115299334811,10000,0,118,0,12.000255652627075,0.2616407982261641,10000,15412.115299334811
711,154,5430.87012987013,10000,0,69,12,35.26539045370214,0.448051948051948,10000,15430.87012987013
758,155,4247.296774193548,10000,0,53,0,27.40191467221644,0.3419354838709677,10000,14247.296774193548
298,259,5069.640926640926,10000,0,101,0,19.57390319166381,0.3899613899613899,10000,15069.640926640926
113,552,4775.728260869565,10000,0,111,0,8.651681632010082,0.2010869565217391,10000,14775.728260869564
345,438,3762.874429223744,10000,0,77,0,8.59103750964325,0.1757990867579908,10000,13762.874429223744
529,125,4581.352,10000,0,45,0,36.650816,0.36,10000,14581.352
591,117,5751.786324786325,10000,0,50,0,49.1605668785156,0.4273504273504273,10000,15751.786324786324
109,65,3973.8,10000,0,23,0,61.135384615384616,0.3538461538461538,10000,13973.8
595,65,5407.384615384615,10000,0,29,0,83.1905325443787,0.4461538461538462,10000,15407.384615384615
277,149,5184.96644295302,10000,0,63,7,34.7984325030404,0.4228187919463087,10000,15184.96644295302
692,137,2767.2262773722628,10000,0,30,0,20.19873195162236,0.218978102189781,10000,12767.226277372263
420,93,5854.537634408603,10000,0,41,0,62.952017574286046,0.4408602150537634,10000,15854.537634408603
355,137,6986.255474452555,10000,0,76,0,50.99456550695296,0.5547445255474452,10000,16986.255474452555
503,241,5112.253112033195,10000,0,58,0,21.21266851466056,0.2406639004149377,10000,15112.253112033197
449,160,5642.425,10000,0,62,0,35.265156250000004,0.3875,10000,15642.425
546,181,6071.917127071823,10000,0,68,0,33.54650346448521,0.3756906077348066,10000,16071.917127071823
416,164,7811.048780487805,10000,0,109,1,47.62834622248661,0.6646341463414634,10000,17811.048780487807
270,294,4738.87074829932,10000,0,111,0,16.118607987412656,0.3775510204081632,10000,14738.87074829932
649,291,5136.068728522337,10000,0,89,0,17.649720716571604,0.3058419243986254,10000,15136.068728522336
274,22,909.0909090909092,10000,0,8,0,41.32231404958679,0.3636363636363636,10000,10909.09090909091
618,493,2448.6632860040568,10000,0,59,0,4.96686264909545,0.1196754563894523,10000,12448.663286004055
604,407,4030.348894348894,10000,0,89,0,9.902577135992368,0.2186732186732186,10000,14030.348894348894
712,339,3706.221238938053,10000,0,59,0,10.932806014566529,0.1740412979351032,10000,13706.221238938051
217,96,7119.208333333333,10000,0,62,0,74.15842013888889,0.6458333333333334,10000,17119.208333333332
623,104,5735.875,10000,0,45,0,55.15264423076923,0.4326923076923077,10000,15735.875
141,11,5775.727272727273,10000,0,9,0,525.0661157024794,0.8181818181818182,10000,15775.727272727272
234,112,5712.366071428572,10000,0,52,0,51.00326849489796,0.4642857142857143,10000,15712.366071428572
389,186,5199.182795698925,10000,0,64,0,27.95259567580067,0.3440860215053763,10000,15199.182795698924
726,231,5065.203463203463,10000,0,100,0,21.92728771949551,0.4329004329004329,10000,15065.203463203465
51,175,6600.96,10000,0,84,0,37.71977142857143,0.48,10000,16600.96
371,436,2936.9380733944954,10000,0,78,0,6.736096498611228,0.1788990825688073,10000,12936.938073394496
146,522,4519.787356321839,10000,0,91,0,8.6585964680495,0.1743295019157088,10000,14519.787356321838
487,27,6296.2962962962965,10000,0,17,0,233.19615912208505,0.6296296296296297,10000,16296.296296296296
743,144,6680.736111111111,10000,0,60,0,46.39400077160494,0.4166666666666667,10000,16680.73611111111
214,6,3806.6666666666665,10000,0,4,0,634.4444444444445,0.6666666666666666,10000,13806.666666666666
231,463,4068.669546436285,10000,0,92,0,8.78762321044554,0.1987041036717062,10000,14068.669546436286
240,348,3285.3764367816093,10000,0,93,0,9.440736887303474,0.2672413793103448,10000,13285.37643678161
180,230,6474.769565217392,10000,0,107,0,28.15117202268431,0.4652173913043478,10000,16474.769565217393
723,295,3145.610169491525,10000,0,37,0,10.663085320310255,0.1254237288135593,10000,13145.610169491523
653,152,5247.1578947368425,10000,0,50,0,34.5207756232687,0.3289473684210526,10000,15247.157894736843
386,266,4599.875939849624,10000,0,59,0,17.292766691164,0.2218045112781954,10000,14599.875939849624
569,299,5332.8561872909695,10000,0,104,0,17.835639422377824,0.3478260869565217,10000,15332.85618729097
720,215,3996.5116279069766,10000,0,70,28,18.58842617631152,0.3255813953488372,10000,13996.511627906975
306,194,5784.087628865979,10000,0,72,23,29.81488468487618,0.3711340206185567,10000,15784.087628865978
633,229,5005.934497816594,10000,0,51,16,21.859975972998225,0.222707423580786,10000,15005.934497816594
161,124,6511.895161290323,10000,0,62,1,52.51528355879292,0.5,10000,16511.895161290322
465,185,5319.713513513513,10000,0,62,0,28.755208181154124,0.3351351351351351,10000,15319.713513513514
748,151,4536.403973509934,10000,0,70,0,30.04241042059559,0.4635761589403973,10000,14536.403973509934
656,105,6590.476190476191,10000,0,58,0,62.766439909297056,0.5523809523809524,10000,16590.47619047619
540,183,4120.256830601093,10000,0,41,0,22.515064648093404,0.2240437158469945,10000,14120.256830601093
562,493,4661.874239350913,10000,0,101,0,9.45613435973816,0.204868154158215,10000,14661.874239350913
547,226,4498.256637168141,10000,0,65,0,19.903790429947527,0.2876106194690265,10000,14498.256637168142
670,285,5025.726315789474,10000,0,64,0,17.634127423822715,0.2245614035087719,10000,15025.726315789474
238,142,5724.408450704225,10000,0,59,0,40.31273556833961,0.4154929577464789,10000,15724.408450704224
291,221,6351.113122171946,10000,0,82,0,28.738068426117405,0.3710407239819004,10000,16351.113122171946
119,104,6705.096153846154,10000,0,59,0,64.47207840236686,0.5673076923076923,10000,16705.096153846156
193,277,5978.819494584837,10000,0,107,0,21.58418590102829,0.3862815884476534,10000,15978.819494584835
559,108,6726.935185185185,10000,0,53,0,62.28643689986283,0.4907407407407407,10000,16726.935185185186
731,74,3243.243243243244,10000,0,24,0,43.82761139517897,0.3243243243243243,10000,13243.243243243243
549,498,4566.176706827309,10000,0,124,1,9.169029531781746,0.2489959839357429,10000,14566.17670682731
528,253,6110.0,10000,0,105,0,24.150197628458496,0.4150197628458498,10000,16110.0
733,35,5142.857142857143,10000,0,19,0,146.9387755102041,0.5428571428571428,10000,15142.857142857143
356,154,5158.597402597403,10000,0,67,5,33.497385731151965,0.435064935064935,10000,15158.597402597405
513,262,5974.874045801526,10000,0,97,0,22.80486277023484,0.3702290076335878,10000,15974.874045801527
553,190,3886.384210526316,10000,0,71,0,20.45465373961219,0.3736842105263158,10000,13886.384210526316
235,80,3250.0,10000,0,22,0,40.625,0.275,10000,13250.0
626,302,5890.327814569537,10000,0,104,0,19.50439673698522,0.3443708609271523,10000,15890.327814569537
201,219,5082.470319634704,10000,0,73,0,23.20762703029545,0.3333333333333333,10000,15082.470319634704
539,124,5806.451612903225,10000,0,73,0,46.82622268470343,0.5887096774193549,10000,15806.451612903224
695,170,5672.794117647059,10000,0,70,0,33.36937716262975,0.4117647058823529,10000,15672.79411764706
172,94,2659.574468085106,10000,0,20,0,28.293345405160704,0.2127659574468085,10000,12659.574468085106
195,8,3998.625,10000,0,4,0,499.828125,0.5,10000,13998.625
138,107,6800.345794392523,10000,0,47,0,63.55463359245349,0.4392523364485981,10000,16800.345794392524
443,204,6048.642156862745,10000,0,45,0,29.650206651287963,0.2205882352941176,10000,16048.642156862745
751,321,4605.844236760125,10000,0,93,0,14.348424413582944,0.2897196261682243,10000,14605.844236760124
673,209,7413.210526315789,10000,0,110,0,35.46990682447746,0.5263157894736842,10000,17413.21052631579
543,252,5886.253968253968,10000,0,113,0,23.35815066767448,0.4484126984126984,10000,15886.253968253968
266,1022,4413.339530332681,10000,0,111,0,4.3183361353548735,0.1086105675146771,10000,14413.33953033268
699,169,3290.9526627218934,10000,0,38,0,19.47309267882777,0.2248520710059171,10000,13290.952662721891
296,271,6114.044280442805,10000,0,105,0,22.561049005324,0.3874538745387454,10000,16114.044280442806
129,128,5613.28125,10000,0,66,0,43.853759765625,0.515625,10000,15613.28125
212,308,4499.681818181818,10000,0,111,0,14.60935655253837,0.3603896103896103,10000,14499.681818181818
391,12,6333.333333333333,10000,0,7,0,527.7777777777777,0.5833333333333334,10000,16333.333333333332
565,212,4713.919811320755,10000,0,59,0,22.23547080811677,0.2783018867924528,10000,14713.919811320757
621,172,6323.459302325581,10000,0,95,0,36.76429826933477,0.5523255813953488,10000,16323.45930232558
552,64,6847.15625,10000,0,39,0,106.98681640625,0.609375,10000,16847.15625
305,194,6540.783505154639,10000,0,102,0,33.71537889254969,0.5257731958762887,10000,16540.78350515464
495,645,3541.592248062016,10000,0,125,0,5.490840694669792,0.1937984496124031,10000,13541.592248062016
407,241,5622.398340248963,10000,0,104,0,23.3294536939791,0.4315352697095436,10000,15622.398340248965
586,378,5550.743386243386,10000,0,122,0,14.684506312813191,0.3227513227513227,10000,15550.743386243386
379,319,3123.169278996865,10000,0,66,21,9.790499307200204,0.2068965517241379,10000,13123.169278996866
316,326,5734.647239263803,10000,0,118,0,17.590942451729457,0.3619631901840491,10000,15734.647239263802
170,290,5213.927586206896,10000,0,104,0,17.979060642092744,0.3586206896551724,10000,15213.927586206895
440,2,0.0,0,0,2,0,0.0,1.0,0,0.0
157,60,6966.666666666667,10000,0,41,0,116.11111111111111,0.6833333333333333,10000,16966.666666666668
455,243,5241.139917695473,10000,0,74,0,21.568477027553385,0.3045267489711934,10000,15241.139917695473
309,170,5547.84705882353,10000,0,66,8,32.63439446366782,0.388235294117647,10000,15547.847058823529
494,58,7161.051724137931,10000,0,28,0,123.46640903686088,0.4827586206896552,10000,17161.05172413793
351,272,2797.0661764705883,10000,0,54,0,10.283331531141869,0.1985294117647058,10000,12797.066176470587
383,450,5185.955555555555,10000,0,102,0,11.524345679012344,0.2266666666666666,10000,15185.955555555556
332,608,2701.0789473684213,10000,0,63,0,4.442564058171746,0.1036184210526315,10000,12701.078947368422
474,223,6926.309417040358,10000,0,114,0,31.059683484485912,0.5112107623318386,10000,16926.309417040356
89,311,4271.916398713826,10000,0,97,0,13.7360655907197,0.3118971061093247,10000,14271.916398713827
564,128,6121.6875,10000,0,50,0,47.82568359375,0.390625,10000,16121.6875
153,7,656.8571428571429,1428,250,4,0,93.83673469387756,0.5714285714285714,1178,2334.857142857143
337,170,4868.558823529412,10000,0,76,8,28.63858131487889,0.4470588235294118,10000,14868.558823529413
677,74,4975.283783783784,10000,0,29,0,67.23356464572682,0.3918918918918919,10000,14975.283783783783
498,198,5448.974747474747,10000,0,69,0,27.52007448219569,0.3484848484848485,10000,15448.974747474747
603,155,6068.232258064516,10000,0,75,0,39.1498855359001,0.4838709677419355,10000,16068.232258064516
475,150,8484.0,10000,0,107,0,56.56,0.7133333333333334,10000,18484.0
325,161,5850.751552795031,10000,0,74,0,36.34007175649087,0.4596273291925465,10000,15850.75155279503
518,384,3864.1770833333335,10000,0,68,0,10.06296115451389,0.1770833333333333,10000,13864.177083333334
263,256,6210.89453125,10000,0,107,0,24.261306762695312,0.41796875,10000,16210.89453125
746,301,3166.923588039867,10000,0,61,0,10.521340824052714,0.2026578073089701,10000,13166.923588039866
411,114,5283.649122807017,10000,0,38,0,46.347799322868575,0.3333333333333333,10000,15283.649122807015
60,29,8616.689655172413,10000,0,20,0,297.1272294887039,0.6896551724137931,10000,18616.689655172413
716,224,3601.910714285714,10000,0,40,0,16.079958545918366,0.1785714285714285,10000,13601.910714285714
328,111,6333.486486486487,10000,0,46,0,57.05843681519357,0.4144144144144144,10000,16333.486486486489
301,241,5668.149377593361,10000,0,74,0,23.51929202320897,0.3070539419087137,10000,15668.14937759336
614,109,6426.3302752293575,10000,0,54,0,58.95715848834273,0.4954128440366973,10000,16426.330275229357
1,259,5488.552123552124,10000,0,78,0,21.19132094035569,0.3011583011583011,10000,15488.552123552125
504,232,3579.7543103448274,10000,0,43,0,15.429975475624255,0.1853448275862069,10000,13579.754310344828
704,190,6472.578947368421,10000,0,71,0,34.066204986149586,0.3736842105263158,10000,16472.57894736842
756,111,5171.639639639639,10000,0,44,0,46.591348104861616,0.3963963963963964,10000,15171.63963963964
198,318,5817.990566037736,10000,0,110,0,18.29556781772873,0.3459119496855345,10000,15817.990566037735
299,745,3870.371812080537,10000,0,108,0,5.195129949101392,0.1449664429530201,10000,13870.371812080535
26,158,4173.405063291139,10000,0,47,14,26.41395609677936,0.2974683544303797,10000,14173.40506329114
173,309,4792.391585760518,10000,0,94,0,15.509357882720122,0.3042071197411003,10000,14792.391585760515
663,255,6028.725490196079,10000,0,76,0,23.64206074586697,0.2980392156862745,10000,16028.72549019608
15,465,4195.25376344086,10000,0,105,0,9.022051104173892,0.2258064516129032,10000,14195.25376344086
92,62,2903.2258064516127,10000,0,17,0,46.82622268470343,0.2741935483870967,10000,12903.225806451614
140,302,5472.423841059603,10000,0,105,0,18.12060874523048,0.347682119205298,10000,15472.423841059604
576,457,4423.969365426696,10000,0,102,0,9.680458130036534,0.2231947483588621,10000,14423.969365426696
8,271,5182.265682656826,10000,0,74,0,19.122751596519656,0.2730627306273063,10000,15182.265682656827
419,1,10000.0,10000,10000,1,0,10000.0,1.0,0,30000.0
14,177,6998.463276836158,10000,0,71,0,39.53934054709694,0.4011299435028249,10000,16998.46327683616
209,228,5908.293859649123,10000,0,98,0,25.913569559864573,0.4298245614035088,10000,15908.293859649122
